source_id,source_name,start_url,source_type,enabled,source_section,region_scope,country_focus,coverage_scope,coverage_start_year,coverage_end_year,surface_scope,timing_scope,chip_timed_status,permission_url,allowed_domains,race_link_include_regex,race_link_exclude_regex,profile,follow_history_links,max_pages,rate_limit_seconds,rights_status,notes
total_race_timing_results,Total Race Timing Results Archive,https://totalracetiming.co.uk/result,directory,1,UK Chip Timing & Results,UK,United Kingdom,Past & Present,2016,2026,Road | Trail | Mixed Terrain,Timing provider archive,Provider-confirmed,https://totalracetiming.co.uk/robots.txt,totalracetiming.co.uk|www.totalracetiming.co.uk,,,total_race_timing_results,0,1,1.5,Permitted by published crawl rules,Public results index metadata only; do not ingest individual runner rows without a separate data-rights review
total_race_timing_upcoming,Total Race Timing Upcoming Races,https://totalracetiming.co.uk/race,directory,1,UK Chip Timing & Results,UK,United Kingdom,Future,2026,2026,Road | Trail | Mixed Terrain,Timing provider calendar,Provider-confirmed,https://totalracetiming.co.uk/robots.txt,totalracetiming.co.uk|www.totalracetiming.co.uk,/race/\d+$,/raceresults/|/user/,total_race_timing_upcoming,0,4,1.5,Permitted by published crawl rules,Responsive live detail-page tranche; robots.txt contains no applicable disallow rule as checked 2026-07-23
racebest_results,RaceBest Results Archive,https://racebest.com/results,directory,1,UK Chip Timing & Results,UK,United Kingdom,Past & Present,2011,2026,Road | Trail | Fell/Mountain | Cross Country | Track | Mixed Terrain,Timing provider archive,Provider-confirmed,,racebest.com|www.racebest.com,,,racebest_results,0,1,1.0,No published crawl restriction found,Public event-level results archive metadata only; runner-level result rows are excluded
racebest_upcoming,RaceBest Upcoming Races,https://racebest.com/races,directory,1,UK Chip Timing & Results,UK,United Kingdom,Future,2026,2027,Road | Trail | Fell/Mountain | Cross Country | Track | Mixed Terrain,Timing provider calendar,Provider-confirmed,,racebest.com|www.racebest.com,/races/[a-z0-9]+$,/results/|/entrants|/organisers/,racebest_upcoming,0,60,1.0,No published crawl restriction found,Deeper live detail-page tranche with durable cursor continuation; legal hub showed entrant and organiser terms only when checked 2026-07-23
popup_races_finished,Pop Up Races Finished Events,https://www.popupraces.ie/race-status/finished/,directory,1,Ireland Chip Timing & Results,Ireland,Ireland,Past & Present,2015,2026,Road | Trail | Fell/Mountain | Cross Country | Track | Mixed Terrain | Beach,Timing provider archive,Provider-confirmed,https://www.popupraces.ie/robots.txt,popupraces.ie|www.popupraces.ie,/race-status/finished/page/\d+/$,/race/|/virtual-run-results/,popup_races_finished,0,12,1.0,Reference metadata permitted by published crawl signal,Archive tranche including current and oldest pagination endpoints; event-level cards only and athlete result tables are excluded
popup_races_open,Pop Up Races Upcoming Events,https://www.popupraces.ie/race-status/open/,directory,1,Ireland Chip Timing & Results,Ireland,Ireland,Future,2026,2027,Road | Trail | Fell/Mountain | Cross Country | Track | Mixed Terrain | Beach,Timing provider calendar,Provider-confirmed,https://www.popupraces.ie/robots.txt,popupraces.ie|www.popupraces.ie,/race-status/open/page/\d+/$,/race/|/cart|/checkout/,popup_races_open,0,4,1.0,Reference metadata permitted by published crawl signal,Public upcoming event cards only; mixed-sport listings are filtered to running
sports_timing_solutions_uk,Sports Timing Solutions Results,https://www.sportstimingsolutions.co.uk/2026results.php,directory,1,UK Chip Timing & Results,UK,United Kingdom,Past | Present | Future,2015,2026,Road | Trail | Fell/Mountain | Cross Country | Track | Mixed Terrain | Beach,Timing provider year archives,Provider-confirmed,,sportstimingsolutions.co.uk|www.sportstimingsolutions.co.uk,/(?:20\d{2}results)\.php$,/rd\.php|/livetimes/,sports_timing_solutions_results,0,14,1.0,No published crawl restriction found,Running-icon event cards only; linked participant result pages are retained as evidence links but are never opened
frsystems_uk,FR Systems Results,https://results.frsys.uk/,directory,1,UK Chip Timing & Results,UK,United Kingdom,Past & Present,2025,2026,Road | Trail | Fell/Mountain | Cross Country | Track | Mixed Terrain | Beach,Timing provider results index,Provider-confirmed,https://results.frsys.uk/robots.txt,results.frsys.uk,/events/,,frsystems_results,0,1,1.0,No published crawl restriction found,Static event cards explicitly labelled Running or 24 Hour Running; athlete search pages are not opened
perfect_timing_scotland,Perfect Timing Scotland Results,https://perfecttimingscotland.co.uk/results/,directory,0,UK Chip Timing & Results,UK,Scotland,Past & Present,2026,2026,Road | Trail | Fell/Mountain | Cross Country | Track | Mixed Terrain | Beach,Timing provider year archive,Provider-confirmed,https://perfecttimingscotland.co.uk/robots.txt,perfecttimingscotland.co.uk|www.perfecttimingscotland.co.uk,,,perfect_timing_scotland_results,0,1,1.0,Temporarily paused after server rejected automated requests,Historical event-level rows retained; recheck server access before re-enabling and do not open linked athlete result tables
sports_timing_ireland,SportsTiming Ireland Results,https://www.sportstiming.ie/race-results,directory,1,Ireland Chip Timing & Results,Ireland,Ireland,Past & Present,2023,2026,Road | Trail | Fell/Mountain | Cross Country | Track | Mixed Terrain | Beach,Timing provider results index,Provider-confirmed,https://www.sportstiming.ie/terms-conditions,sportstiming.ie|www.sportstiming.ie,,,sports_timing_ireland_results,0,1,1.0,No published crawl restriction found,Running-icon cards only; triathlon duathlon adventure and swimming cards are excluded before normalisation
justruns_upcoming_ireland,JustRuns Featured Events,https://justrunsevents.ie/,directory,1,Ireland Chip Timing & Results,Ireland,Ireland,Future,2026,2026,Road | Trail | Mixed Terrain,Timing provider featured calendar,Provider-confirmed,https://justrunsevents.ie/robots.txt,justrunsevents.ie|www.justrunsevents.ie,,,justruns_featured_events,0,1,1.0,Permitted by published crawl rules,Public featured-event cards only; registration pages are not opened
rogue_racer_uk,Rogue Racer Results Archive,https://rogueracer.co.uk/2026-race-results,directory,1,UK Chip Timing & Results,UK,United Kingdom,Past | Present | Future,2013,2026,Road | Trail | Fell/Mountain | Cross Country | Track | Mixed Terrain | Beach,Timing provider year archives,Provider-confirmed,https://rogueracer.co.uk/robots.txt,rogueracer.co.uk|www.rogueracer.co.uk,/(?:20\d{2}-race-results|20(?:1[3-9]|2[0-6])-results)/?$,,rogue_racer_results,0,16,1.2,Permitted by published crawl rules,Recognisable running rows only; external result links are retained but athlete tables are never opened
runthrough_uk,RunThrough Global Event Calendar,https://www.runthrough.co.uk/events-timeline,directory,1,Global Fixtures,Global,France | Germany | Italy | Northern Ireland | Spain | Switzerland | United Kingdom | United States,Present & Future,2026,2027,Road | Trail | Fell/Mountain | Cross Country | Track | Mixed Terrain | Cycling | Duathlon,Organiser event calendar,Provider-confirmed,https://www.runthroughtrails.com/robots.txt,runthrough.co.uk|www.runthrough.co.uk|runthroughtrails.com|www.runthroughtrails.com,,,runthrough_event_pages,0,1,1.0,Permitted by published crawl rules,Public organiser event cards and linked RunThrough Trails pages across the UK Europe and USA; mixed-sport fixtures are normalised by discipline and training products are excluded
race_time_result_uk,Race Time Result UK,https://www.racetimeresult.co.uk/results/results-archive,directory,1,UK Chip Timing & Results,UK,United Kingdom,Past & Present,2020,2026,Road | Trail | Fell/Mountain | Cross Country | Track | Mixed Terrain,Timing provider year archives,Provider-confirmed,https://www.racetimeresult.co.uk/robots.txt,racetimeresult.co.uk|www.racetimeresult.co.uk,/(?:results/results-2026|20(?:2[0-5])-results)/?$,,race_time_result_years,0,8,1.0,Permitted by published crawl rules,Public year selectors and event-level result links only; exact dates are left blank when the archive does not publish them
premier_timing_ireland,Premier Timing Systems Ireland,https://www.premiertimingsystems.ie/,directory,1,Ireland Chip Timing & Results,Ireland,Ireland,Past & Present,2020,2026,Road | Trail | Fell/Mountain | Cross Country | Track | Mixed Terrain,Timing provider archive,Provider-confirmed,,premiertimingsystems.ie|www.premiertimingsystems.ie,/20\d{2}-(?:Race-)?Results/,,premier_timing_ireland_archive,0,1,1.5,No published crawl restriction found,Single public homepage request exposes year-grouped event result links; participant tables are never opened and archive-only years are retained when exact dates are absent
tdl_event_services_uk,TDL Event Services Results,https://www.tdleventservices.co.uk/en/event-result.php,directory,0,Permission Blocked / Manual Research,UK,United Kingdom,Past & Present,2008,2026,Road | Trail | Fell/Mountain | Cross Country | Track,Timing provider year archives,Provider-confirmed,https://www.tdleventservices.co.uk/robots.txt,tdleventservices.co.uk|www.tdleventservices.co.uk,/event-result|/results/,,generic,0,1,2.0,Blocked by published crawl rules,robots.txt disallows general crawlers; retain only as a manual research lead
core_timing_ireland,Core Timing Ireland,https://coretiming.ie/events-calendar/list/?eventDisplay=past,directory,1,Ireland Chip Timing & Results,Ireland,Ireland,Past,2026,2026,Road | Trail | Fell/Mountain | Cross Country | Track | Mixed Terrain,Timing provider calendar archive,Provider-confirmed,https://coretiming.ie/robots.txt,coretiming.ie|www.coretiming.ie,,,core_timing_events,0,1,60.0,Permitted subject to published crawl delay,Single public event-list request; triathlons are filtered and no participant records or linked result tables are opened
time_my_race_uk,Time My Race UK,https://timemyrace.co.uk/results-2026/,directory,1,UK Chip Timing & Results,UK,United Kingdom,Past & Present,2023,2026,Road | Trail | Fell/Mountain | Cross Country | Track | Mixed Terrain,Timing provider year archives,Provider-confirmed,https://timemyrace.co.uk/robots.txt,timemyrace.co.uk|www.timemyrace.co.uk,/results-20(?:2[3-6])/?$,,time_my_race_years,0,5,1.5,Permitted by published crawl rules,Public event-level result links from 2023-2026 only; mixed sports are filtered and linked participant result pages are never opened
ready_set_go_timing_uk,Ready Set Go Timing,https://www.readysetgotiming.co.uk/,directory,0,UK Chip Timing & Results,UK,United Kingdom,Past | Present | Future,2021,2026,Road | Trail | Fell/Mountain | Cross Country | Track | Mixed Terrain,Timing provider calendar and archive,Provider-confirmed,,readysetgotiming.co.uk|www.readysetgotiming.co.uk,/20\d{2}-results|/events/,,generic,0,1,2.0,Rights and selector review required,Herefordshire timing provider with public 2021-2026 archive; review Squarespace selectors and terms before enabling
up_running_scotland,Up and Running Events UK,https://www.upandrunningevents.co.uk/event-pages-sitemap.xml,sitemap,1,UK Chip Timing & Results,UK,England | Scotland | Wales,Past | Present | Future,2023,2026,Road | Trail | Cross Country | Mixed Terrain,Organiser event archive and calendar,Provider-confirmed,https://www.upandrunningevents.co.uk/robots.txt,upandrunningevents.co.uk|www.upandrunningevents.co.uk,/event-details/[a-z0-9-]+$,event-postponed,up_running_event_pages,0,40,3.0,Permitted by published crawl rules,Official UK-wide event sitemap and event pages; reduced per-run batch and slower request rate preserve resumable coverage without collecting participant records
tri_enter_wales,Tri and Enter Wales Results,https://www.triandenter.com/results,directory,0,UK Chip Timing & Results,UK,Wales,Past & Present,,,Road | Trail | Cross Country | Mixed Terrain,Timing provider results archive,Provider-confirmed,,triandenter.com|www.triandenter.com,/results/|/race-results/,,generic,0,1,2.0,Rights and selector review required,Welsh mixed-sport results provider; running-only post selectors and terms need review
elite_timing_ireland,Elite Timing Ireland,https://www.elitetiming.ie/,directory,0,Ireland Chip Timing & Results,Ireland,Ireland,Past | Present | Future,2026,2026,Road | Trail | Mixed Terrain,Timing provider results and calendar,Provider-confirmed,,elitetiming.ie|www.elitetiming.ie,/results|/events/,,generic,0,1,2.0,Technical and rights review required,New Irish timing company with searchable results; locate stable public event index and review terms
race_timing_ireland,Race Timing Ireland,https://www.racetimingireland.com/events,directory,1,Ireland Chip Timing & Results,Ireland,Ireland,Past | Present | Future,2026,2026,Road | Trail | Cross Country | Mixed Terrain,Timing provider event calendar,Provider-confirmed,https://www.racetimingireland.com/robots.txt,racetimingireland.com|www.racetimingireland.com,,,race_timing_ireland_events,0,1,1.5,Permitted by published crawl rules,Single public calendar-page request; recognisable running cards only and participant result records are not collected
myrunresults_ireland,MyRunResults Ireland,https://myrunresults.com/event-calendar,directory,0,Permission Blocked / Manual Research,Ireland,Ireland,Past | Present | Future,,,Road | Trail | Fell/Mountain | Cross Country | Track | Mixed Terrain | Beach,Timing provider calendar and archive,Provider-confirmed,https://myrunresults.com/terms-and-conditions,myrunresults.com|www.myrunresults.com,/events/.+/(?:details|results)$,/login|/private|/registration/payment/,generic,0,1,2.0,Blocked by site terms,Terms prohibit robots spiders data mining and scraping without prior written consent; retained only as a research lead
running_calendar_ireland,Running Calendar Ireland,https://www.runningcalendar.ie/calendar/,directory,0,Permission Blocked / Manual Research,Ireland,Ireland,Past | Present | Future,,,Road | Trail | Fell/Mountain | Cross Country | Track | Mixed Terrain | Beach,Fixture directory,Not guaranteed,https://www.runningcalendar.ie/terms/,runningcalendar.ie|www.runningcalendar.ie,/event/[^/?#]+/,,generic,0,1,2.0,Blocked by site terms,Terms prohibit unauthorised automated or manual scraping to copy data to another website or application
resultsbase_uk,ResultsBase UK,https://resultsbase.net/events,directory,0,Permission Blocked / Manual Research,UK,United Kingdom,Past & Present,,,Road | Trail | Fell/Mountain | Cross Country | Track | Mixed Terrain,Results directory,Mixed/verify per event,https://resultsbase.net/robots.txt,resultsbase.net|www.resultsbase.net,/event/\d+,,generic,0,1,2.0,Blocked for AI research agents,robots.txt explicitly disallows GPTBot and ClaudeBot; retain as a manual research lead only
stuweb_uk,StuWeb UK Events and Results,https://www.stuweb.co.uk/events.html,directory,0,UK Chip Timing & Results,UK,United Kingdom,Past | Present | Future,,,Road | Trail | Fell/Mountain | Cross Country | Track | Mixed Terrain | Beach,Timing provider calendar and archive,Provider-confirmed,https://www.stuweb.co.uk/robots.txt,stuweb.co.uk|www.stuweb.co.uk,/events/\d+|/results/,,generic,0,1,30.0,Technical and rights review required,Public multisport directory with a 30-second crawl delay; dedicated filtering and terms review required before enabling
sport_systems_uk,Sports Systems UK,https://www.sportsystems.co.uk/ss/event/listings,directory,0,UK Chip Timing & Results,UK,United Kingdom,Past | Present | Future,,,Road | Trail | Fell/Mountain | Cross Country | Track | Mixed Terrain,Timing provider calendar and archive,Provider-confirmed,,sportsystems.co.uk|www.sportsystems.co.uk,/ss/event/,,generic,0,1,2.0,Rights review required,UK race registration and results research candidate; confirm published automated-use terms and selectors before enabling
sientries_uk,SiEntries UK and Ireland,https://www.sientries.co.uk/,directory,0,Entry & Fixture Directories,UK & Ireland,United Kingdom | Ireland,Past | Present | Future,,,Road | Trail | Fell/Mountain | Cross Country | Track | Mixed Terrain | Beach,Entry and fixture directory,Mixed/verify per event,,sientries.co.uk|www.sientries.co.uk,/event.php\?event_id=,,generic,0,1,2.0,Rights review required,Large UK and Ireland event directory; confirm automated-use terms and running-only filters before enabling
championchip_ireland,ChampionChip Ireland,https://www.championchipireland.com/,directory,0,Ireland Chip Timing & Results,UK & Ireland,Ireland | Northern Ireland,Past | Present | Future,,,Road | Trail | Fell/Mountain | Cross Country | Track | Mixed Terrain,Timing provider calendar and archive,Provider-confirmed,,championchipireland.com|www.championchipireland.com,/results/|/event/,,generic,0,1,2.0,Technical and rights review required,Ireland and Northern Ireland timing provider; current result list is client-rendered and needs a stable public endpoint plus terms review
ulster_athletics_archive,Ulster Athletics Archive,https://www.ulsterathleticsarchive.co.uk/results,directory,0,Official Athletics Archives,UK & Ireland,Northern Ireland,Past & Present,,,Road | Trail | Fell/Mountain | Cross Country | Track | Mixed Terrain,Historical athletics archive,Not guaranteed,,ulsterathleticsarchive.co.uk|www.ulsterathleticsarchive.co.uk,/results/|/event/,,generic,0,1,2.0,Rights review required,Historical Northern Ireland event-level results candidate; verify automated-use terms and scope before enabling
athletics_ni_results,Athletics NI Results,https://athleticsni.org/Results/Road-Race,directory,0,Official Athletics Archives,UK & Ireland,Northern Ireland,Past & Present,,,Road | Trail | Fell/Mountain | Cross Country | Track | Mixed Terrain,Official athletics results index,Mixed/verify per event,,athleticsni.org|www.athleticsni.org,/Results/|/download/,,generic,0,1,2.0,Rights review required,Official Northern Ireland permitted-race results index; confirm reuse terms before collecting event metadata or result files
england_athletics_runevents,England Athletics RunEvents,https://www.englandathletics.org/runevents/search/,directory,0,Official Athletics Archives,UK,England,Past | Present | Future,,,Road | Trail | Fell/Mountain | Cross Country | Track | Mixed Terrain,Licensed event directory,Mixed/verify per event,,englandathletics.org|www.englandathletics.org,/runevents/event/|/runevents/events/,,generic,1,100,2.0,Rights review required,Official licensed-event discovery source; confirm automated-use terms and selectors before enabling
running_calendar_uk,Running Calendar UK,https://www.runningcalendar.co.uk/calendar/,directory,0,Permission Blocked / Manual Research,UK,United Kingdom,Past | Present | Future,,,Road | Trail | Fell/Mountain | Cross Country | Track | Mixed Terrain | Beach,Fixture directory,Not guaranteed,https://www.runningcalendar.co.uk/terms/,runningcalendar.co.uk|www.runningcalendar.co.uk,/event/|/race/,,generic,0,1,2.0,Blocked by site terms,Same publisher terms prohibit unauthorised automated scraping to copy data to another website or application
runabc,RunABC Race Listings,https://runabc.co.uk/races,directory,0,Entry & Fixture Directories,UK,United Kingdom,Past | Present | Future,,,Road | Trail | Fell/Mountain | Cross Country | Track | Mixed Terrain | Beach,Fixture and result verification directory,Mixed/verify per event,,runabc.co.uk|www.runabc.co.uk,/races/[^/?#]+,,generic,1,100,2.0,Rights review required,Road hill trail cross-country and result-verification candidate; confirm terms before enabling
world_athletics_labels,World Athletics Label Road Races,https://worldathletics.org/competitions/world-athletics-label-road-races,directory,0,Global Reference Sources,Global,Global,Past | Present | Future,,,Road,Official competition directory,Mixed/verify per event,,worldathletics.org|www.worldathletics.org,/competition/calendar-results/|/competitions/,,generic,0,50,2.0,Rights review required,Global label-road-race discovery candidate; page may require a dedicated profile or API permission
chip_timing_solutions_uk,Chip Timing Solutions Results,https://chiptimingsolutions.com/results/,directory,1,UK Chip Timing & Results,UK,United Kingdom,Past & Present,2024,2026,Road | Trail | Cross Country | Mixed Terrain,Timing provider results index,Provider-confirmed,https://chiptimingsolutions.com/robots.txt,chiptimingsolutions.com|www.chiptimingsolutions.com,,,chip_timing_solutions_results,0,1,1.0,Permitted by published crawl rules,Dated event-level result cards only; mixed sports are filtered and start lists or participant result pages are never opened
chip_timing_uk_hs_sports,HS Sports / Chip Timing UK Events,https://chiptiming.co.uk/events/,directory,1,UK Chip Timing & Results,UK,United Kingdom,Past | Present | Future,2026,2027,Road | Trail | Fell/Mountain | Cross Country | Track | Mixed Terrain,Timing provider event calendar,Provider-confirmed,https://chiptiming.co.uk/robots.txt,chiptiming.co.uk|www.chiptiming.co.uk,,,chip_timing_uk_events,0,1,1.0,Permitted by published crawl rules,Public recent and upcoming event cards with dates and locations; participant result pages are linked but never opened
race_timing_solutions_uk,Race Timing Solutions Events,https://www.avtiming.com/events,directory,1,UK Chip Timing & Results,UK,United Kingdom,Present & Future,2026,2026,Road | Trail | Fell/Mountain | Cross Country | Track | Mixed Terrain,Timing provider event calendar,Provider-confirmed,https://www.avtiming.com/robots.txt,avtiming.com|www.avtiming.com,,,race_timing_solutions_events,0,1,1.0,Permitted by published crawl rules,Single public Wix events-list request using semantic data hooks; entry pages and athlete results are not opened
total_chip_timing_uk,Total Chip Timing Results,https://www.chiptimed.com/,directory,1,UK Chip Timing & Results,UK,United Kingdom,Past & Present,2021,2026,Road | Trail | Fell/Mountain | Cross Country | Track | Mixed Terrain,Timing provider results archive,Provider-confirmed,,chiptimed.com|www.chiptimed.com,,,total_chip_timing_results,0,1,1.0,No published crawl restriction found,Event-level result links and published dates only; known cycling GYRO rows and participant tables are excluded
pb_timing_scotland,pbTiming Scotland Results,https://pbtiming.uk/results/,directory,1,UK Chip Timing & Results,UK,Scotland,Past & Present,2022,2025,Road | Trail | Fell/Mountain | Cross Country | Track | Mixed Terrain,Timing provider results archive,Provider-confirmed,https://pbtiming.uk/robots.txt,pbtiming.uk|www.pbtiming.uk,,,pb_timing_results,0,1,1.0,Permitted by published crawl rules,Public dated race-result links only; external Webscorer and Drive athlete-result files are retained as evidence but never opened
te_sports_timing_upcoming,TE Sports Timing Upcoming Events,https://www.tesportstiming.com/calendars/sport-events/,directory,1,UK Chip Timing & Results,UK,Wales,Present & Future,2026,2026,Road | Trail | Fell/Mountain | Cross Country | Track | Mixed Terrain,Timing provider event calendar,Provider-confirmed,https://www.tesportstiming.com/robots.txt,tesportstiming.com|www.tesportstiming.com,,,te_sports_timing_upcoming,0,1,1.0,Permitted by published crawl rules,Public upcoming event cards only; swimming and aquathlon cards are removed during running-only normalisation
te_sports_timing_results,TE Sports Timing Results,https://www.tesportstiming.com/calendars/sport-events/results,directory,1,UK Chip Timing & Results,UK,Wales,Past & Present,2026,2026,Road | Trail | Fell/Mountain | Cross Country | Track | Mixed Terrain,Timing provider results index,Provider-confirmed,https://www.tesportstiming.com/robots.txt,tesportstiming.com|www.tesportstiming.com,,,te_sports_timing_results,0,1,1.0,Permitted by published crawl rules,Event-level result cards only; Sportmaniacs participant pages are linked for provenance but are never opened
race_timing_solutions_archive_uk,Race Timing Solutions Results Archive,https://www.avtiming.com/results,directory,0,UK Chip Timing & Results,UK,United Kingdom,Past & Present,2017,2026,Road | Trail | Fell/Mountain | Cross Country | Track | Mixed Terrain,Timing provider year archives,Provider-confirmed,https://www.avtiming.com/robots.txt,avtiming.com|www.avtiming.com,/2017$|/2018$|/2019$|/2020$|/2021$|/2022$|/2023$|copy-of-2023-archive|/results/2025$,,generic,1,11,1.0,Archive selector review required,Year pages are public but event headings are not consistently paired with exact dates or result links; retained as a queued enrichment feed
dbmax_uk,DB Max Running Results,https://dbmax.co.uk/results,directory,1,UK Chip Timing & Results,UK,United Kingdom,Past & Present,2011,2026,Road | Trail | Fell/Mountain | Cross Country | Track | Mixed Terrain,Timing provider results archive,Provider-confirmed,https://dbmax.co.uk/robots.txt,dbmax.co.uk|www.dbmax.co.uk,,,dbmax_running_results,0,1,1.0,Permitted by published crawl rules,Public race-level recent results only; obvious triathlon duathlon cycling swimming and OCR titles are excluded and participant tables are never opened
dbmax_running_events,DB Max Running Events,https://dbmax.co.uk/events/category/running,directory,1,UK Chip Timing & Results,UK,United Kingdom,Present & Future,2025,2026,Road | Trail | Fell/Mountain | Cross Country | Track | Mixed Terrain,Timing provider running calendar,Provider-confirmed,https://dbmax.co.uk/robots.txt,dbmax.co.uk|www.dbmax.co.uk,/events/(?!category/|listings/?$)[a-z0-9-]+$,,dbmax_running_events,0,12,1.0,Permitted by published crawl rules,Dedicated running category only; linked registration and result pages are retained as evidence but athlete records are never collected
event_chip_timing_uk,Event Chip Timing UK,https://eventchiptiming.com/results/,directory,0,UK Chip Timing & Results,UK,United Kingdom,Past & Present,,,Road | Trail | Fell/Mountain | Cross Country | Track | Mixed Terrain,Timing provider results archive,Provider-confirmed,https://eventchiptiming.com/robots.txt,eventchiptiming.com|www.eventchiptiming.com,/results/,,generic,0,1,1.0,Technical review required,Provider offers public live results but a stable event-level index and running-only selector must be confirmed before enabling
timing_monkey_uk,Timing Monkey UK,https://www.timingmonkey.co.uk/results/,directory,0,UK Chip Timing & Results,UK,United Kingdom,Past & Present,,,Road | Trail | Fell/Mountain | Cross Country | Track | Mixed Terrain,Timing provider results archive,Provider-confirmed,https://www.timingmonkey.co.uk/robots.txt,timingmonkey.co.uk|www.timingmonkey.co.uk,/results/,,generic,0,1,1.0,Technical review required,Public result pages are event-specific and currently lack a stable event-level archive index; athlete tables must not be opened
realtime_racing_uk,Realtime Racing UK,https://www.realtimeracing.co.uk/,directory,0,UK Chip Timing & Results,UK,United Kingdom,Present & Future,,,Road | Trail | Fell/Mountain | Cross Country | Track | Mixed Terrain,Timing provider website,Provider-confirmed,,realtimeracing.co.uk|www.realtimeracing.co.uk,/results/|/events/,,generic,0,1,1.0,Index and rights review required,RFID timing provider research lead; locate a public event-level calendar or results index before enabling
ride_timing_uk,RideTiming UK,https://ridetiming.co.uk/,directory,0,UK Chip Timing & Results,UK,United Kingdom,Past | Present | Future,,,Road | Trail | Fell/Mountain | Cross Country | Track | Mixed Terrain,Timing provider website,Provider-confirmed,,ridetiming.co.uk|www.ridetiming.co.uk,/results/|/events/,,generic,0,1,1.0,Index and rights review required,Provider times running and cycling; a stable public running-only event index and published crawl signal are still needed
lush_race_timing_uk,LuSH Race Timing,https://www.lushracetiming.co.uk/,directory,0,UK Chip Timing & Results,UK,United Kingdom,Past & Present,2017,2026,Road | Trail | Fell/Mountain | Cross Country | Track | Mixed Terrain,Timing provider results archive,Provider-confirmed,,lushracetiming.co.uk|www.lushracetiming.co.uk,/results/,,generic,0,1,1.0,Technical review required,Gloucestershire timing-provider lead; certificate mismatch and archive selectors must be resolved before enabling
precision_timing_ireland,Precision Timing Ireland,https://precisiontiming.eu/,directory,0,Ireland Chip Timing & Results,Ireland,Ireland,Past | Present | Future,2018,2026,Road | Trail | Fell/Mountain | Cross Country | Track | Mixed Terrain,Timing provider website,Provider-confirmed,,precisiontiming.eu|www.precisiontiming.eu,/results/|/events/,,generic,0,1,1.0,Index and rights review required,Ireland-focused timing provider; locate a stable public event-level calendar or results archive before enabling
raceahead_results_uk,Raceahead Results Archive,https://results.raceahead.co.uk/api/events,directory,1,UK Chip Timing & Results,UK,United Kingdom,Past & Present,2009,2026,Road | Trail | Fell/Mountain | Cross Country | Track | Mixed Terrain | Beach,Timing provider results API,Provider-confirmed,https://results.raceahead.co.uk/robots.txt,results.raceahead.co.uk,,,raceahead_results,0,1,1.0,Permitted by published crawl rules,Public event-level API filtered to records explicitly labelled Running; redirect result pages and athlete records are never opened
redtag_results_ireland,RedTag Timing Current Results,https://www.redtagtiming.com/,directory,1,Ireland Chip Timing & Results,Ireland,Ireland,Past & Present,2018,2026,Road | Trail | Fell/Mountain | Cross Country | Track | Mixed Terrain | Beach,Timing provider results archive,Provider-confirmed,,redtagtiming.com|www.redtagtiming.com,,,redtag_results,0,1,1.0,No published crawl restriction found,Dated event-level result panels only; mixed sports are removed during normalisation and linked athlete files are never opened
redtag_archive_ireland,RedTag Timing Historical Archive,https://www.redtagtiming.com/results_archive.html,directory,1,Ireland Chip Timing & Results,Ireland,Ireland,Past,2010,2017,Road | Trail | Fell/Mountain | Cross Country | Track | Mixed Terrain | Beach,Timing provider historical archive,Provider-confirmed,,redtagtiming.com|www.redtagtiming.com,,,redtag_results,0,1,1.0,No published crawl restriction found,Historical event-level result panels only; linked PDFs spreadsheets HTML results and participant records are never opened
redtag_upcoming_ireland,RedTag Timing Upcoming Fixtures,https://www.redtagtiming.com/,directory,1,Ireland Chip Timing & Results,Ireland,Ireland,Present & Future,2026,2026,Road | Trail | Mixed Terrain,Timing provider fixture calendar,Provider-confirmed,,redtagtiming.com|www.redtagtiming.com,,,redtag_upcoming,0,1,1.0,No published crawl restriction found,Featured public fixtures only; Eventmaster registration pages are linked for provenance but never opened
eightmile_timing_uk,Eightmile Event Timing,https://timing.eightmile.run/,directory,0,UK Chip Timing & Results,UK,United Kingdom,Past | Present | Future,2026,2026,Road | Trail | Fell/Mountain | Cross Country | Track | Mixed Terrain,Timing provider calendar and results,Provider-confirmed,https://timing.eightmile.run/robots.txt,timing.eightmile.run,/results/|/events/,,generic,0,1,1.0,Public API selector review required,Public app includes a race calendar and results but its race-level data endpoint requires an application API header; retained as a queued source until a stable header-free feed or explicit API route is available
chipresults_redirect_uk,ChipResults UK Redirect,https://www.chipresults.co.uk/,directory,0,Source Aliases / Redirects,UK,United Kingdom,Past & Present,2025,2026,Road | Trail | Fell/Mountain | Cross Country | Track | Mixed Terrain | Beach,Results-domain alias,Provider-confirmed,,chipresults.co.uk|www.chipresults.co.uk,,,generic,0,1,1.0,Covered by canonical source,Domain redirects to results.frsys.uk; data is already collected through the enabled FR Systems source and is not scraped twice
monster_timing_ireland,Monster Timing Ireland,https://www.monstertiming.ie/race-results/,directory,0,Ireland Chip Timing & Results,Ireland,Ireland,Past | Present | Future,2025,2026,Road | Trail | Fell/Mountain | Cross Country | Track | Mixed Terrain,Timing provider calendar and results,Provider-confirmed,https://www.monstertiming.ie/robots.txt,monstertiming.ie|www.monstertiming.ie,/event/[^/]+/,,generic,0,1,1.0,Published crawl-signal review required,Public past-results and upcoming-events pages exist but the published robots file carries agent-specific AI rules; retained for manual review before activation
racecalendar_uk,Race Calendar UK,https://racecalendar.co.uk/,directory,0,UK Ireland Fixtures,UK,United Kingdom,Present & Future,2026,2027,Road | Trail | Ultra | Mixed Terrain,Fixture directory,Not guaranteed,,racecalendar.co.uk|www.racecalendar.co.uk,,,generic,0,1,2.0,Rights review required,UK running and event calendar. Complements existing UK scraper sources. Candidate international source from expanded catalogue; enabled=0 pending rights review and dedicated profile.
findarace,Find a Race,https://findarace.com/,directory,0,UK Ireland Fixtures,UK,United Kingdom,Present & Future,2026,2027,Road | Trail | Ultra | Mixed Terrain,Fixture directory,Not guaranteed,,findarace.com|www.findarace.com,,,generic,0,1,2.0,Rights review required,UK/Ireland race discovery directory. Candidate international source from expanded catalogue; enabled=0 pending rights review and dedicated profile.
athletics_ireland,Athletics Ireland,https://www.athleticsireland.ie/,directory,0,UK Ireland Fixtures,Ireland,Ireland,Present & Future,2026,2027,Road | Track | Cross Country,Fixture directory,Not guaranteed,,athleticsireland.ie|www.athleticsireland.ie,,,generic,0,1,2.0,Rights review required,Official Irish federation calendar. Candidate international source from expanded catalogue; enabled=0 pending rights review and dedicated profile.
scottish_athletics,scottishathletics,https://www.scottishathletics.org.uk/,directory,0,UK Ireland Fixtures,UK,United Kingdom,Present & Future,2026,2027,Road | Track | Cross Country,Fixture directory,Not guaranteed,,scottishathletics.org.uk|www.scottishathletics.org.uk,,,generic,0,1,2.0,Rights review required,Official Scotland federation calendar. Candidate international source from expanded catalogue; enabled=0 pending rights review and dedicated profile.
welsh_athletics,Welsh Athletics,https://www.welshathletics.org/,directory,0,UK Ireland Fixtures,UK,United Kingdom,Present & Future,2026,2027,Road | Track | Cross Country,Fixture directory,Not guaranteed,,welshathletics.org|www.welshathletics.org,,,generic,0,1,2.0,Rights review required,Official Wales federation calendar. Candidate international source from expanded catalogue; enabled=0 pending rights review and dedicated profile.
power_of_10,Power of 10,https://www.thepowerof10.info/,results,0,UK Ireland Results,UK,United Kingdom,Past | Present | Future,2015,2027,Road | Track | Cross Country,Results directory,Not guaranteed,,thepowerof10.info|www.thepowerof10.info,,,generic,0,1,2.0,Rights review required,UK athlete and results database. Athlete-level data is sensitive. Candidate international source from expanded catalogue; enabled=0 pending rights review and dedicated profile.
runbritain_rankings,RunBritain Rankings,https://www.runbritainrankings.com/,results,0,UK Ireland Results,UK,United Kingdom,Past | Present | Future,2015,2027,Road,Results directory,Not guaranteed,,runbritainrankings.com|www.runbritainrankings.com,,,generic,0,1,2.0,Rights review required,UK road rankings and results. Candidate international source from expanded catalogue; enabled=0 pending rights review and dedicated profile.
runrace_usa,RunRace USA,https://runraceusa.com/,directory,0,USA Fixtures,USA,United States,Future,2026,2027,Road | Trail | Ultra | Mixed Terrain,Fixture directory,Not guaranteed,,runraceusa.com|www.runraceusa.com,,,generic,0,1,2.0,Rights review required,Highest priority US aggregator. ~19000+ upcoming races. State pages plus map. Candidate international source from expanded catalogue; enabled=0 pending rights review and dedicated profile.
running_in_the_usa,Running in the USA,https://runningintheusa.com/,directory,0,USA Fixtures,USA,United States,Present & Future,2026,2027,Road | Trail | Ultra | Mixed Terrain,Fixture directory,Not guaranteed,,runningintheusa.com|www.runningintheusa.com,,,generic,0,1,2.0,Rights review required,Long-established large US race and club directory. Candidate international source from expanded catalogue; enabled=0 pending rights review and dedicated profile.
runsignup,RunSignup,https://runsignup.com/,directory,0,USA Fixtures,USA,United States,Present & Future,2026,2027,Road | Trail | Ultra | Mixed Terrain,Fixture directory,Not guaranteed,,runsignup.com|www.runsignup.com,,,generic,0,1,2.0,Rights review required,Dominant US registration platform with a powerful searchable calendar. Candidate international source from expanded catalogue; enabled=0 pending rights review and dedicated profile.
ultrasignup,UltraSignup,https://ultrasignup.com/,directory,0,USA Fixtures,USA,United States,Present & Future,2026,2027,Trail | Ultra,Fixture directory,Not guaranteed,,ultrasignup.com|www.ultrasignup.com,,,generic,0,1,2.0,Rights review required,Best dedicated US ultra and trail fixture source. Candidate international source from expanded catalogue; enabled=0 pending rights review and dedicated profile.
raceplace,RacePlace,https://www.raceplace.com/,directory,0,USA Fixtures,USA,United States,Present & Future,2026,2027,Road | Trail | Ultra | Mixed Terrain,Fixture directory,Not guaranteed,,raceplace.com|www.raceplace.com,,,generic,0,1,2.0,Rights review required,Large US endurance calendar. Candidate international source from expanded catalogue; enabled=0 pending rights review and dedicated profile.
endurance_grid,Endurance Grid,https://www.endurancegrid.com/races,directory,0,USA Fixtures,USA,United States,Present & Future,2026,2027,Road | Trail | Ultra | Mixed Terrain,Fixture directory,Not guaranteed,,endurancegrid.com|www.endurancegrid.com,,,generic,0,1,2.0,Rights review required,Multi-sport endurance calendar covering all 50 states. Candidate international source from expanded catalogue; enabled=0 pending rights review and dedicated profile.
raceraves,RaceRaves,https://raceraves.com/,directory,0,USA Fixtures,USA,United States,Present & Future,2026,2027,Road | Trail | Ultra | Mixed Terrain,Fixture directory,Not guaranteed,,raceraves.com|www.raceraves.com,,,generic,0,1,2.0,Rights review required,US fixture discovery plus participant reviews. Candidate international source from expanded catalogue; enabled=0 pending rights review and dedicated profile.
racecenter,RaceCenter,https://www.racecenter.com/,directory,0,USA Fixtures,USA,United States,Present & Future,2026,2027,Road | Trail,Fixture directory,Not guaranteed,,racecenter.com|www.racecenter.com,,,generic,0,1,2.0,Rights review required,US road and trail event listings. Candidate international source from expanded catalogue; enabled=0 pending rights review and dedicated profile.
marathonguide,MarathonGuide,https://www.marathonguide.com/,directory,0,USA Fixtures,USA,United States,Present & Future,2026,2027,Road,Fixture directory,Not guaranteed,,marathonguide.com|www.marathonguide.com,,,generic,0,1,2.0,Rights review required,Excellent US marathon calendar and historical data. Candidate international source from expanded catalogue; enabled=0 pending rights review and dedicated profile.
runnersworld_us,Runner's World US Calendar,https://www.runnersworld.com/races-places/a66053746/2026-race-calendar/,directory,0,USA Fixtures,USA,United States,Present & Future,2026,2027,Road,Fixture directory,Not guaranteed,,runnersworld.com|www.runnersworld.com,,,generic,0,1,2.0,Rights review required,Curated major US half and marathon calendar. Candidate international source from expanded catalogue; enabled=0 pending rights review and dedicated profile.
active_com,Active.com,https://www.active.com/,directory,0,USA Fixtures,USA,United States,Present & Future,2026,2027,Road | Trail | Mixed Terrain,Fixture directory,Not guaranteed,,active.com|www.active.com,,,generic,0,1,2.0,Rights review required,Broader sports calendar that includes many running events. Candidate international source from expanded catalogue; enabled=0 pending rights review and dedicated profile.
us_road_running,US Road Running,https://usroadrunning.com/,directory,0,USA Fixtures,USA,United States,Present & Future,2026,2027,Road,Fixture directory,Not guaranteed,,usroadrunning.com|www.usroadrunning.com,,,generic,0,1,2.0,Rights review required,Series of smaller community races. Candidate international source from expanded catalogue; enabled=0 pending rights review and dedicated profile.
lets_race,Let's Race,https://letsraceapp.com/,directory,0,USA Fixtures,USA,United States,Present & Future,2026,2027,Road | Mixed Terrain,Fixture directory,Not guaranteed,,letsraceapp.com|www.letsraceapp.com,,,generic,0,1,2.0,Rights review required,Growing multi-distance US calendar. Candidate international source from expanded catalogue; enabled=0 pending rights review and dedicated profile.
athlinks,Athlinks,https://www.athlinks.com/,results,0,USA Results,USA,United States,Past | Present | Future,2015,2027,Road | Trail | Ultra | Mixed Terrain,Results directory,Not guaranteed,,athlinks.com|www.athlinks.com,,,generic,0,1,2.0,Rights review required,Largest US results archive. Athlete-level data is sensitive. Candidate international source from expanded catalogue; enabled=0 pending rights review and dedicated profile.
athletic_net,AthleticNET,https://www.athletic.net/,results,0,USA Results,USA,United States,Past | Present | Future,2015,2027,Track | Cross Country,Results directory,Not guaranteed,,athletic.net|www.athletic.net,,,generic,0,1,2.0,Rights review required,US scholastic and club track results. Official WA data collector for US. Candidate international source from expanded catalogue; enabled=0 pending rights review and dedicated profile.
ahotu,Ahotu,https://ahotu.com/,directory,0,Global Fixtures,Global,Multiple,Present & Future,2026,2027,Road | Trail | Ultra | Mixed Terrain,Fixture directory,Not guaranteed,,ahotu.com|www.ahotu.com,,,generic,0,1,2.0,Rights review required,One of the largest global endurance calendars. Excellent Europe Asia Oceania LatAm Middle East coverage. Candidate international source from expanded catalogue; enabled=0 pending rights review and dedicated profile.
finishers,Finishers,https://www.finishers.com/,directory,0,Global Fixtures,Global,Multiple,Present & Future,2026,2027,Road | Trail | Ultra | Mixed Terrain,Fixture directory,Not guaranteed,,finishers.com|www.finishers.com,,,generic,0,1,2.0,Rights review required,Outstanding European coverage plus Africa Canada LatAm Middle East filters. Candidate international source from expanded catalogue; enabled=0 pending rights review and dedicated profile.
my_raceresult,my.raceresult.com,https://my.raceresult.com/,directory,0,Global Fixtures,Global,Multiple,Present & Future,2026,2027,Road | Trail | Ultra | Mixed Terrain,Fixture directory,Not guaranteed,,my.raceresult.com|www.my.raceresult.com,,,generic,0,1,2.0,Rights review required,Public calendar of RACE RESULT events. Extremely widely used in Europe and worldwide. Candidate international source from expanded catalogue; enabled=0 pending rights review and dedicated profile.
hdsports,HDsports,https://www.hdsports.org/,directory,0,Europe Fixtures,Europe,Germany | Austria | Switzerland,Present & Future,2026,2027,Road | Trail | Ultra | Mixed Terrain,Fixture directory,Not guaranteed,,hdsports.org|www.hdsports.org,,,generic,0,1,2.0,Rights review required,Dominant DACH calendar. Extremely detailed. Candidate international source from expanded catalogue; enabled=0 pending rights review and dedicated profile.
runme,RunMe / myRaceland,https://www.runme.us/,directory,0,Europe Fixtures,Europe,Multiple,Present & Future,2026,2027,Road | Trail | Mixed Terrain,Fixture directory,Not guaranteed,,runme.us|www.runme.us,,,generic,0,1,2.0,Rights review required,Multi-country European calendars with language support. Candidate international source from expanded catalogue; enabled=0 pending rights review and dedicated profile.
atletiek_nu,Atletiek.nu,https://www.atletiek.nu/,directory,0,Europe Fixtures,Europe,Netherlands,Present & Future,2026,2027,Road | Track | Cross Country,Fixture directory,Not guaranteed,,atletiek.nu|www.atletiek.nu,,,generic,0,1,2.0,Rights review required,Excellent structured Netherlands calendar. Candidate international source from expanded catalogue; enabled=0 pending rights review and dedicated profile.
european_athletics,European Athletics,https://www.european-athletics.com/,directory,0,Europe Fixtures,Europe,Multiple,Present & Future,2026,2027,Track | Road,Fixture directory,Not guaranteed,,european-athletics.com|www.european-athletics.com,,,generic,0,1,2.0,Rights review required,Continental championships and major European events. Candidate international source from expanded catalogue; enabled=0 pending rights review and dedicated profile.
runrun_fr,RunRun,https://runrun.fr/,directory,0,Europe Fixtures,Europe,France,Present & Future,2026,2027,Road | Trail | Ultra | Mixed Terrain,Fixture directory,Not guaranteed,,runrun.fr|www.runrun.fr,,,generic,0,1,2.0,Rights review required,France-focused race calendar. Candidate international source from expanded catalogue; enabled=0 pending rights review and dedicated profile.
sportmaniacs,Sportmaniacs,https://sportmaniacs.com/,directory,0,Europe Fixtures,Europe,Spain,Present & Future,2026,2027,Road | Trail | Mixed Terrain,Fixture directory,Not guaranteed,,sportmaniacs.com|www.sportmaniacs.com,,,generic,0,1,2.0,Rights review required,Strong Spain registration and listings platform. Candidate international source from expanded catalogue; enabled=0 pending rights review and dedicated profile.
ffa,French Athletics Federation,https://www.athle.fr/,directory,0,Europe Fixtures,Europe,France,Present & Future,2026,2027,Road | Track | Cross Country,Fixture directory,Not guaranteed,,athle.fr|www.athle.fr,,,generic,0,1,2.0,Rights review required,Official French federation calendars. Candidate international source from expanded catalogue; enabled=0 pending rights review and dedicated profile.
aims_calendar,AIMS Calendar,https://aims-worldrunning.org/calendar.html,directory,0,Global Fixtures,Global,Multiple,Present & Future,2026,2027,Road,Fixture directory,Not guaranteed,,aims-worldrunning.org|www.aims-worldrunning.org,,,generic,0,1,2.0,Rights review required,Official AIMS certified road-race calendar. Strong Asia and worldwide coverage. Candidate international source from expanded catalogue; enabled=0 pending rights review and dedicated profile.
duv_ultra,DUV Ultra Marathon Statistics,http://statistik.d-u-v.org/calendar.php,directory,0,Global Ultras,Global,Multiple,Past | Present | Future,2015,2027,Ultra | Trail,Fixture directory,Not guaranteed,,statistik.d-u-v.org|www.statistik.d-u-v.org,,,generic,0,1,2.0,Rights review required,Best global ultra calendar plus historical results. Candidate international source from expanded catalogue; enabled=0 pending rights review and dedicated profile.
iau_calendar,IAU Race Calendar,https://iau-ultramarathon.org/race-calendar/,directory,0,Global Ultras,Global,Multiple,Present & Future,2026,2027,Ultra,Fixture directory,Not guaranteed,,iau-ultramarathon.org|www.iau-ultramarathon.org,,,generic,0,1,2.0,Rights review required,Official international ultra calendar. Candidate international source from expanded catalogue; enabled=0 pending rights review and dedicated profile.
utmb_index,UTMB Index Races,https://utmb.world/index-races,directory,0,Global Trails,Global,Multiple,Present & Future,2026,2027,Trail | Ultra,Fixture directory,Not guaranteed,,utmb.world|www.utmb.world,,,generic,0,1,2.0,Rights review required,Global trail index race calendar including Asia Africa Oceania. Candidate international source from expanded catalogue; enabled=0 pending rights review and dedicated profile.
myracehub_au,MyRaceHub,https://myracehub.com.au/,directory,0,Oceania Fixtures,Oceania,Australia,Present & Future,2026,2027,Road | Trail | Ultra | Mixed Terrain,Fixture directory,Not guaranteed,,myracehub.com.au|www.myracehub.com.au,,,generic,0,1,2.0,Rights review required,Best Australian mass-participation calendar. 860+ events. Candidate international source from expanded catalogue; enabled=0 pending rights review and dedicated profile.
running_calendar_au,Running Calendar Australia,https://www.runningcalendar.com.au/,directory,0,Oceania Fixtures,Oceania,Australia,Present & Future,2026,2027,Road | Trail | Mixed Terrain,Fixture directory,Not guaranteed,,runningcalendar.com.au|www.runningcalendar.com.au,,,generic,0,1,2.0,Rights review required,Long-standing AU running and triathlon calendar. Candidate international source from expanded catalogue; enabled=0 pending rights review and dedicated profile.
athletics_australia,Australian Athletics,https://www.athletics.com.au/event-calendar/,directory,0,Oceania Fixtures,Oceania,Australia,Present & Future,2026,2027,Road | Track | Cross Country,Fixture directory,Not guaranteed,,athletics.com.au|www.athletics.com.au,,,generic,0,1,2.0,Rights review required,Official Australian federation calendar and results. Candidate international source from expanded catalogue; enabled=0 pending rights review and dedicated profile.
athsvic_results,AthsVic Results Hub,https://athsvic.resultshub.com.au/,results,0,Oceania Results,Oceania,Australia,Past | Present | Future,2015,2027,Track | Cross Country,Results directory,Not guaranteed,,athsvic.resultshub.com.au|www.athsvic.resultshub.com.au,,,generic,0,1,2.0,Rights review required,Victoria official results hub. Candidate international source from expanded catalogue; enabled=0 pending rights review and dedicated profile.
race_hub_australia,Race Hub Australia,https://racehubaustralia.com/,directory,0,Oceania Fixtures,Oceania,Australia,Present & Future,2026,2027,Road | Trail | Mixed Terrain,Fixture directory,Not guaranteed,,racehubaustralia.com|www.racehubaustralia.com,,,generic,0,1,2.0,Rights review required,NSW and series-focused Australian events. Candidate international source from expanded catalogue; enabled=0 pending rights review and dedicated profile.
running_calendar_nz,Running Calendar New Zealand,https://www.runningcalendar.co.nz/,directory,0,Oceania Fixtures,Oceania,New Zealand,Present & Future,2026,2027,Road | Trail | Mixed Terrain,Fixture directory,Not guaranteed,,runningcalendar.co.nz|www.runningcalendar.co.nz,,,generic,0,1,2.0,Rights review required,Sister site of the AU calendar. Strong NZ coverage. Candidate international source from expanded catalogue; enabled=0 pending rights review and dedicated profile.
nz_running,NZ Running,https://www.nzrunning.co.nz/,directory,0,Oceania Fixtures,Oceania,New Zealand,Present & Future,2026,2027,Road | Trail | Mixed Terrain,Fixture directory,Not guaranteed,,nzrunning.co.nz|www.nzrunning.co.nz,,,generic,0,1,2.0,Rights review required,NZ events and clubs directory. 340+ events. Candidate international source from expanded catalogue; enabled=0 pending rights review and dedicated profile.
athletics_nz_events,Athletics NZ Events,https://athleticsevents.co.nz/,directory,0,Oceania Fixtures,Oceania,New Zealand,Present & Future,2026,2027,Road | Track | Cross Country,Fixture directory,Not guaranteed,,athleticsevents.co.nz|www.athleticsevents.co.nz,,,generic,0,1,2.0,Rights review required,Official NZ competitions calendar. Candidate international source from expanded catalogue; enabled=0 pending rights review and dedicated profile.
athletics_nz,Athletics New Zealand,https://athletics.org.nz/,directory,0,Oceania Fixtures,Oceania,New Zealand,Present & Future,2026,2027,Road | Track | Cross Country,Fixture directory,Not guaranteed,,athletics.org.nz|www.athletics.org.nz,,,generic,0,1,2.0,Rights review required,National governing body. Candidate international source from expanded catalogue; enabled=0 pending rights review and dedicated profile.
runnet_jp,RUNNET,https://runnet.jp/,directory,0,Asia Fixtures,Asia,Japan,Present & Future,2026,2027,Road | Trail | Mixed Terrain,Fixture directory,Not guaranteed,,runnet.jp|www.runnet.jp,,,generic,0,1,2.0,Rights review required,Dominant Japanese registration and results portal. Highest Asia priority. Candidate international source from expanded catalogue; enabled=0 pending rights review and dedicated profile.
run_japan,Run Japan,https://runjapan.jp/,directory,0,Asia Fixtures,Asia,Japan,Present & Future,2026,2027,Road | Mixed Terrain,Fixture directory,Not guaranteed,,runjapan.jp|www.runjapan.jp,,,generic,0,1,2.0,Rights review required,English-facing RUNNET calendar for overseas runners. Candidate international source from expanded catalogue; enabled=0 pending rights review and dedicated profile.
jaaf,JAAF,https://www.jaaf.or.jp/,directory,0,Asia Fixtures,Asia,Japan,Present & Future,2026,2027,Road | Track,Fixture directory,Not guaranteed,,jaaf.or.jp|www.jaaf.or.jp,,,generic,0,1,2.0,Rights review required,Official Japanese athletics federation. Candidate international source from expanded catalogue; enabled=0 pending rights review and dedicated profile.
asia_run_calendar,Asia Run Calendar,https://www.asiaruncalendar.com/events/,directory,0,Asia Fixtures,Asia,Indonesia | Southeast Asia,Present & Future,2026,2027,Road | Trail | Mixed Terrain,Fixture directory,Not guaranteed,,asiaruncalendar.com|www.asiaruncalendar.com,,,generic,0,1,2.0,Rights review required,Strong Southeast Asia and Indonesia coverage. Candidate international source from expanded catalogue; enabled=0 pending rights review and dedicated profile.
runnerreg,RunnerReg,https://runnerreg.co/,directory,0,Asia Fixtures,Asia,Singapore | Malaysia | Japan,Present & Future,2026,2027,Road | Trail | Ultra | Mixed Terrain,Fixture directory,Not guaranteed,,runnerreg.co|www.runnerreg.co,,,generic,0,1,2.0,Rights review required,Asia-focused registration and calendar. Candidate international source from expanded catalogue; enabled=0 pending rights review and dedicated profile.
checkpoint_spot,Checkpoint Spot,https://checkpointspot.asia/,directory,0,Asia Fixtures,Asia,Malaysia | Singapore,Present & Future,2026,2027,Road | Mixed Terrain,Fixture directory,Not guaranteed,,checkpointspot.asia|www.checkpointspot.asia,,,generic,0,1,2.0,Rights review required,Major Malaysia and Singapore registration and results platform. Candidate international source from expanded catalogue; enabled=0 pending rights review and dedicated profile.
myruntime,MyRunTime,https://myrunti.me/,directory,0,Asia Fixtures,Asia,Philippines,Present & Future,2026,2027,Road | Mixed Terrain,Fixture directory,Not guaranteed,,myrunti.me|www.myrunti.me,,,generic,0,1,2.0,Rights review required,Philippines registration calendar. Candidate international source from expanded catalogue; enabled=0 pending rights review and dedicated profile.
racemart_in,RaceMart India,https://racemart.in/,directory,0,Asia Fixtures,Asia,India,Present & Future,2026,2027,Road | Mixed Terrain,Fixture directory,Not guaranteed,,racemart.in|www.racemart.in,,,generic,0,1,2.0,Rights review required,Indian event directory. Candidate international source from expanded catalogue; enabled=0 pending rights review and dedicated profile.
myrace_india,MyRace India,https://myraceindia.com/,results,0,Asia Results,Asia,India,Past | Present | Future,2015,2027,Road | Mixed Terrain,Results directory,Not guaranteed,,myraceindia.com|www.myraceindia.com,,,generic,0,1,2.0,Rights review required,Indian timing and results. Candidate international source from expanded catalogue; enabled=0 pending rights review and dedicated profile.
sports_timing_solutions_in,Sports Timing Solutions India,https://sportstimingsolutions.in/,results,0,Asia Results,Asia,India,Past | Present | Future,2015,2027,Road | Mixed Terrain,Results directory,Not guaranteed,,sportstimingsolutions.in|www.sportstimingsolutions.in,,,generic,0,1,2.0,Rights review required,Major Indian race timer. Candidate international source from expanded catalogue; enabled=0 pending rights review and dedicated profile.
procam_mumbai,Procam / Tata Mumbai Marathon,https://tatamumbaimarathon.procam.in/,directory,0,Asia Fixtures,Asia,India,Present & Future,2026,2027,Road,Fixture directory,Not guaranteed,,tatamumbaimarathon.procam.in|www.tatamumbaimarathon.procam.in,,,generic,0,1,2.0,Rights review required,India flagship marathon organiser plus results. Candidate international source from expanded catalogue; enabled=0 pending rights review and dedicated profile.
hkaaa,HKAAA,https://hkaaa.com/en/comp.php,directory,0,Asia Fixtures,Asia,Hong Kong,Present & Future,2026,2027,Road | Track | Trail | Cross Country,Fixture directory,Not guaranteed,,hkaaa.com|www.hkaaa.com,,,generic,0,1,2.0,Rights review required,Official Hong Kong athletics calendar plus live results. Candidate international source from expanded catalogue; enabled=0 pending rights review and dedicated profile.
hkjogging,HK Jogging Race Calendar,https://hkjogging.com/races/,directory,0,Asia Fixtures,Asia,Hong Kong,Present & Future,2026,2027,Road | Trail | Mixed Terrain,Fixture directory,Not guaranteed,,hkjogging.com|www.hkjogging.com,,,generic,0,1,2.0,Rights review required,Local Hong Kong road and trail calendar. Candidate international source from expanded catalogue; enabled=0 pending rights review and dedicated profile.
hk_marathon,Standard Chartered HK Marathon,https://www.hkmarathon.com/,directory,0,Asia Fixtures,Asia,Hong Kong,Present & Future,2026,2027,Road,Fixture directory,Not guaranteed,,hkmarathon.com|www.hkmarathon.com,,,generic,0,1,2.0,Rights review required,Flagship Hong Kong marathon plus results. Candidate international source from expanded catalogue; enabled=0 pending rights review and dedicated profile.
athletics_kenya,Athletics Kenya,https://www.athleticskenya.or.ke/results-and-calendar/,directory,0,Africa Fixtures,Africa,Kenya,Present & Future,2026,2027,Road | Track | Cross Country,Fixture directory,Not guaranteed,,athleticskenya.or.ke|www.athleticskenya.or.ke,,,generic,0,1,2.0,Rights review required,Official Kenyan calendar and results. Candidate international source from expanded catalogue; enabled=0 pending rights review and dedicated profile.
kenyan_athlete,Kenyan Athlete Calendar,https://kenyanathlete.com/calendar-of-events/,directory,0,Africa Fixtures,Africa,Kenya,Present & Future,2026,2027,Road | Track | Cross Country,Fixture directory,Not guaranteed,,kenyanathlete.com|www.kenyanathlete.com,,,generic,0,1,2.0,Rights review required,Practical Kenyan event calendar. Candidate international source from expanded catalogue; enabled=0 pending rights review and dedicated profile.
race_roster,Race Roster,https://raceroster.com/,directory,0,Canada Fixtures,North America,Canada,Present & Future,2026,2027,Road | Trail | Ultra | Mixed Terrain,Fixture directory,Not guaranteed,,raceroster.com|www.raceroster.com,,,generic,0,1,2.0,Rights review required,Dominant Canadian registration platform. Candidate international source from expanded catalogue; enabled=0 pending rights review and dedicated profile.
sportstats,Sportstats,https://sportstats.one/,results,0,Canada Results,North America,Canada,Past | Present | Future,2015,2027,Road | Trail | Mixed Terrain,Results directory,Not guaranteed,,sportstats.one|www.sportstats.one,,,generic,0,1,2.0,Rights review required,Canada main results database. Candidate international source from expanded catalogue; enabled=0 pending rights review and dedicated profile.
athletics_canada,Athletics Canada,https://athletics.ca/,directory,0,Canada Fixtures,North America,Canada,Present & Future,2026,2027,Road | Track | Cross Country,Fixture directory,Not guaranteed,,athletics.ca|www.athletics.ca,,,generic,0,1,2.0,Rights review required,National federation calendar rankings and records. Candidate international source from expanded catalogue; enabled=0 pending rights review and dedicated profile.
bc_athletics,BC Athletics,https://www.bcathletics.org/RoadRunningUltras/CalendarResults/,directory,0,Canada Fixtures,North America,Canada,Present & Future,2026,2027,Road | Ultra | Trail,Fixture directory,Not guaranteed,,bcathletics.org|www.bcathletics.org,,,generic,0,1,2.0,Rights review required,British Columbia sanctioned calendar and results. Candidate international source from expanded catalogue; enabled=0 pending rights review and dedicated profile.
running_calendar_sa,Running Calendar Southern Africa,https://runningcalendar.co.za/,directory,0,Africa Fixtures,Africa,South Africa,Present & Future,2026,2027,Road | Ultra | Mixed Terrain,Fixture directory,Not guaranteed,,runningcalendar.co.za|www.runningcalendar.co.za,,,generic,0,1,2.0,Rights review required,Best Southern Africa road-race calendar plus results. Candidate international source from expanded catalogue; enabled=0 pending rights review and dedicated profile.
racetec_za,RaceTec,http://www.racetec.co.za/calendar/,directory,0,Africa Fixtures,Africa,South Africa,Present & Future,2026,2027,Road | Mixed Terrain,Fixture directory,Not guaranteed,,racetec.co.za|www.racetec.co.za,,,generic,0,1,2.0,Rights review required,Major South African timer. Results at results.racetec.co.za. Candidate international source from expanded catalogue; enabled=0 pending rights review and dedicated profile.
finishtime_za,FinishTime,https://results.finishtime.co.za/,results,0,Africa Results,Africa,South Africa,Past | Present | Future,2015,2027,Road | Ultra | Mixed Terrain,Results directory,Not guaranteed,,results.finishtime.co.za|www.results.finishtime.co.za,,,generic,0,1,2.0,Rights review required,Large South African results host. Candidate international source from expanded catalogue; enabled=0 pending rights review and dedicated profile.
comrades,Comrades Marathon,https://comrades.com/,directory,0,Africa Fixtures,Africa,South Africa,Past | Present | Future,2015,2027,Ultra,Fixture directory,Not guaranteed,,comrades.com|www.comrades.com,,,generic,0,1,2.0,Rights review required,Manual canonical fixture profile and official external result links added 2026-08-20; bulk participant import remains held pending rights review.
caa_africa,Confederation of African Athletics,http://www.caaweb.org/,directory,0,Africa Fixtures,Africa,Multiple,Present & Future,2026,2027,Track | Road,Fixture directory,Not guaranteed,,caaweb.org|www.caaweb.org,,,generic,0,1,2.0,Rights review required,Continental African championships and tour. Candidate international source from expanded catalogue; enabled=0 pending rights review and dedicated profile.
corridasbr,CorridasBR,https://corridasbr.com.br/,directory,0,LatAm Fixtures,Latin America,Brazil,Present & Future,2026,2027,Road | Trail | Mixed Terrain,Fixture directory,Not guaranteed,,corridasbr.com.br|www.corridasbr.com.br,,,generic,0,1,2.0,Rights review required,Largest Brazilian race calendar plus results portal. Highest LatAm priority. Candidate international source from expanded catalogue; enabled=0 pending rights review and dedicated profile.
ticketsports_br,Ticket Sports,https://www.ticketsports.com.br/,directory,0,LatAm Fixtures,Latin America,Brazil,Present & Future,2026,2027,Road | Mixed Terrain,Fixture directory,Not guaranteed,,ticketsports.com.br|www.ticketsports.com.br,,,generic,0,1,2.0,Rights review required,Major Brazilian registration platform. Candidate international source from expanded catalogue; enabled=0 pending rights review and dedicated profile.
chiptiming_br,Chip Timing Brazil,https://resultado.chiptiming.com.br/calendario,directory,0,LatAm Fixtures,Latin America,Brazil,Past | Present | Future,2015,2027,Road | Mixed Terrain,Fixture directory,Not guaranteed,,resultado.chiptiming.com.br|www.resultado.chiptiming.com.br,,,generic,0,1,2.0,Rights review required,Brazilian timer calendar plus results. Candidate international source from expanded catalogue; enabled=0 pending rights review and dedicated profile.
timecrono_br,TimeCrono,https://www.timecrono.com.br/resultados-eventos,results,0,LatAm Results,Latin America,Brazil,Past | Present | Future,2015,2027,Road | Mixed Terrain,Results directory,Not guaranteed,,timecrono.com.br|www.timecrono.com.br,,,generic,0,1,2.0,Rights review required,Regional Brazilian results. Candidate international source from expanded catalogue; enabled=0 pending rights review and dedicated profile.
supercrono_br,Super Crono,https://supercrono.com.br/,results,0,LatAm Results,Latin America,Brazil,Past | Present | Future,2015,2027,Road | Mixed Terrain,Results directory,Not guaranteed,,supercrono.com.br|www.supercrono.com.br,,,generic,0,1,2.0,Rights review required,Brazilian timing plus live results. Candidate international source from expanded catalogue; enabled=0 pending rights review and dedicated profile.
yescom_br,Yescom,https://www.yescom.com.br/,directory,0,LatAm Fixtures,Latin America,Brazil,Present & Future,2026,2027,Road,Fixture directory,Not guaranteed,,yescom.com.br|www.yescom.com.br,,,generic,0,1,2.0,Rights review required,Major Sao Paulo event organiser. Candidate international source from expanded catalogue; enabled=0 pending rights review and dedicated profile.
cbat,CBAt,https://www.cbat.org.br/,directory,0,LatAm Fixtures,Latin America,Brazil,Present & Future,2026,2027,Road | Track,Fixture directory,Not guaranteed,,cbat.org.br|www.cbat.org.br,,,generic,0,1,2.0,Rights review required,Brazilian athletics federation. Candidate international source from expanded catalogue; enabled=0 pending rights review and dedicated profile.
tracx,TRACX,https://tracx.events/,directory,0,LatAm Fixtures,Latin America,Mexico,Past | Present | Future,2015,2027,Road | Mixed Terrain,Fixture directory,Not guaranteed,,tracx.events|www.tracx.events,,,generic,0,1,2.0,Rights review required,LatAm timing platform with rankings. Candidate international source from expanded catalogue; enabled=0 pending rights review and dedicated profile.
premier_online,Premier Online,https://www.premieronline.com/calendar,directory,0,Middle East Fixtures,Middle East,United Arab Emirates,Present & Future,2026,2027,Road | Mixed Terrain,Fixture directory,Not guaranteed,,premieronline.com|www.premieronline.com,,,generic,0,1,2.0,Rights review required,Large UAE event calendar. Candidate international source from expanded catalogue; enabled=0 pending rights review and dedicated profile.
raceme_ae,RaceME,https://raceme.ae/,directory,0,Middle East Fixtures,Middle East,United Arab Emirates,Present & Future,2026,2027,Road | Mixed Terrain,Fixture directory,Not guaranteed,,raceme.ae|www.raceme.ae,,,generic,0,1,2.0,Rights review required,Dubai race organiser calendar. Candidate international source from expanded catalogue; enabled=0 pending rights review and dedicated profile.
team42_ae,Team42 UAE Calendar,https://team42.ae/running-races-in-uae,directory,0,Middle East Fixtures,Middle East,United Arab Emirates,Present & Future,2026,2027,Road | Trail | Mixed Terrain,Fixture directory,Not guaranteed,,team42.ae|www.team42.ae,,,generic,0,1,2.0,Rights review required,UAE running calendar. Candidate international source from expanded catalogue; enabled=0 pending rights review and dedicated profile.
hopasports,Hopasports,https://www.hopasports.com/,directory,0,Middle East Fixtures,Middle East,United Arab Emirates,Present & Future,2026,2027,Road | Mixed Terrain,Fixture directory,Not guaranteed,,hopasports.com|www.hopasports.com,,,generic,0,1,2.0,Rights review required,UAE community series and bookings. Candidate international source from expanded catalogue; enabled=0 pending rights review and dedicated profile.
swiss_running,Swiss Running Laufguide,https://www.swiss-running.ch/laeufe/laufguide/,directory,0,Europe Fixtures,Europe,Switzerland,Present & Future,2026,2027,Road | Trail | Ultra | Mixed Terrain,Fixture directory,Not guaranteed,,swiss-running.ch|www.swiss-running.ch,,,generic,0,1,2.0,Rights review required,Official Swiss Running calendar. Strong CH coverage. Candidate international source from expanded catalogue; enabled=0 pending rights review and dedicated profile.
swiss_athletics,Swiss Athletics,https://www.swiss-athletics.ch/,directory,0,Europe Fixtures,Europe,Switzerland,Present & Future,2026,2027,Road | Track | Cross Country,Fixture directory,Not guaranteed,,swiss-athletics.ch|www.swiss-athletics.ch,,,generic,0,1,2.0,Rights review required,Official Swiss federation competitions and results. Candidate international source from expanded catalogue; enabled=0 pending rights review and dedicated profile.
swedish_athletics,Swedish Athletics Friidrott,https://www.friidrott.se/,directory,0,Europe Fixtures,Europe,Sweden,Present & Future,2026,2027,Road | Track | Cross Country,Fixture directory,Not guaranteed,,friidrott.se|www.friidrott.se,,,generic,0,1,2.0,Rights review required,Official Swedish athletics federation calendar. Candidate international source from expanded catalogue; enabled=0 pending rights review and dedicated profile.
danish_athletics,Dansk Atletik Calendar,https://dansk-atletik.dk/staevner/kalender/,directory,0,Europe Fixtures,Europe,Denmark,Present & Future,2026,2027,Road | Track | Cross Country,Fixture directory,Not guaranteed,,dansk-atletik.dk|www.dansk-atletik.dk,,,generic,0,1,2.0,Rights review required,Official Danish Athletics Connect calendar. Candidate international source from expanded catalogue; enabled=0 pending rights review and dedicated profile.
kondis_norway,Kondis Norway Terminlista,https://kondistreninga.no/terminlista/,directory,0,Europe Fixtures,Europe,Norway,Present & Future,2026,2027,Road | Trail | Ultra | Mixed Terrain,Fixture directory,Not guaranteed,,kondistreninga.no|www.kondistreninga.no,,,generic,0,1,2.0,Rights review required,Norwegian race terminlista / calendar. Candidate international source from expanded catalogue; enabled=0 pending rights review and dedicated profile.
ultrarunner_nordic,Ultrarunner.run Nordic,https://ultrarunner.run/,directory,0,Europe Fixtures,Europe,Sweden | Norway | Denmark | Finland,Present & Future,2026,2027,Ultra | Trail,Fixture directory,Not guaranteed,,ultrarunner.run|www.ultrarunner.run,,,generic,0,1,2.0,Rights review required,Nordic ultra running resource and event list. Candidate international source from expanded catalogue; enabled=0 pending rights review and dedicated profile.
maratonypolskie,MaratonyPolskie,https://www.maratonypolskie.pl/,directory,0,Europe Fixtures,Europe,Poland,Past | Present | Future,2015,2027,Road | Trail | Ultra | Mixed Terrain,Fixture directory,Not guaranteed,,maratonypolskie.pl|www.maratonypolskie.pl,,,generic,0,1,2.0,Rights review required,Major Polish calendar plus large results archive. Highest Poland priority. Candidate international source from expanded catalogue; enabled=0 pending rights review and dedicated profile.
motivato_pl,Motivato Poland,https://motivato.pl/,directory,0,Europe Fixtures,Europe,Poland,Present & Future,2026,2027,Road | Trail | Mixed Terrain,Fixture directory,Not guaranteed,,motivato.pl|www.motivato.pl,,,generic,0,1,2.0,Rights review required,Polish running calendar with upcoming events. Candidate international source from expanded catalogue; enabled=0 pending rights review and dedicated profile.
biegowe_pl,Biegowe.pl,https://biegowe.pl/,directory,0,Europe Fixtures,Europe,Poland,Present & Future,2026,2027,Road | Trail | Mixed Terrain,Fixture directory,Not guaranteed,,biegowe.pl|www.biegowe.pl,,,generic,0,1,2.0,Rights review required,Polish running news and event coverage portal. Candidate international source from expanded catalogue; enabled=0 pending rights review and dedicated profile.
runczech,RunCzech,https://www.runczech.com/,directory,0,Europe Fixtures,Europe,Czechia,Present & Future,2026,2027,Road | Trail | Mixed Terrain,Fixture directory,Not guaranteed,,runczech.com|www.runczech.com,,,generic,0,1,2.0,Rights review required,Largest Czech running event organiser calendar and results. Candidate international source from expanded catalogue; enabled=0 pending rights review and dedicated profile.
runtour_cz,CEZ RunTour Czech,https://www.run-tour.cz/,directory,0,Europe Fixtures,Europe,Czechia,Past | Present | Future,2015,2027,Road | Mixed Terrain,Fixture directory,Not guaranteed,,run-tour.cz|www.run-tour.cz,,,generic,0,1,2.0,Rights review required,Czech multi-city running series calendar and results. Candidate international source from expanded catalogue; enabled=0 pending rights review and dedicated profile.
romania_running_calendar,Romania Running Calendar,https://alveskan47.ro/romaniarunning/,directory,0,Europe Fixtures,Europe,Romania,Present & Future,2026,2027,Road | Trail | Ultra | Mixed Terrain,Fixture directory,Not guaranteed,,alveskan47.ro|www.alveskan47.ro,,,generic,0,1,2.0,Rights review required,Detailed Romania competition calendar covering road trail and ultra. Candidate international source from expanded catalogue; enabled=0 pending rights review and dedicated profile.
racefinder_pt,Racefinder Portugal,https://www.racefinder.pt/,directory,0,Europe Fixtures,Europe,Portugal,Present & Future,2026,2027,Road | Trail | Ultra | Mixed Terrain,Fixture directory,Not guaranteed,,racefinder.pt|www.racefinder.pt,,,generic,0,1,2.0,Rights review required,Portugal race discovery and registration calendar. Hundreds of running events. Candidate international source from expanded catalogue; enabled=0 pending rights review and dedicated profile.
multiesport_es,Multiesport Spain Results,https://multiesport.es/resultados-running/,results,0,Europe Results,Europe,Spain,Past | Present | Future,2015,2027,Road | Mixed Terrain,Results directory,Not guaranteed,,multiesport.es|www.multiesport.es,,,generic,0,1,2.0,Rights review required,Spanish timing company results for regional road races. Candidate international source from expanded catalogue; enabled=0 pending rights review and dedicated profile.
all4running_pt,All4Running Portugal,https://www.all4running.pt/,directory,0,Europe Fixtures,Europe,Portugal | Spain,Present & Future,2026,2027,Road | Trail | Ultra,Fixture directory,Not guaranteed,,all4running.pt|www.all4running.pt,,,generic,0,1,2.0,Rights review required,Iberian race calendar focused on Portugal and Spain. Candidate international source from expanded catalogue; enabled=0 pending rights review and dedicated profile.
chronotrack_results,ChronoTrack Results,https://chronotrack.com/results/,results,0,USA Results,USA,United States,Past | Present | Future,2015,2027,Road | Trail | Ultra | Mixed Terrain,Results directory,Not guaranteed,,chronotrack.com|www.chronotrack.com,,,generic,0,1,2.0,Rights review required,Major US timing platform. Results feed Athlinks. Event-level metadata only. Candidate international source from expanded catalogue; enabled=0 pending rights review and dedicated profile.
haku_app,Haku,https://www.hakuapp.com/,directory,0,USA Fixtures,USA,United States,Present & Future,2026,2027,Road | Trail | Ultra | Mixed Terrain,Fixture directory,Not guaranteed,,hakuapp.com|www.hakuapp.com,,,generic,0,1,2.0,Rights review required,US endurance registration platform used by many large races. Candidate international source from expanded catalogue; enabled=0 pending rights review and dedicated profile.
race_entry,Race Entry,https://www.raceentry.com/,directory,0,USA Fixtures,USA,United States,Present & Future,2026,2027,Road | Trail | Mixed Terrain,Fixture directory,Not guaranteed,,raceentry.com|www.raceentry.com,,,generic,0,1,2.0,Rights review required,US race registration and event listings platform. Candidate international source from expanded catalogue; enabled=0 pending rights review and dedicated profile.
itsyourrace,ItsYourRace,https://www.itsyourrace.com/,directory,0,USA Fixtures,USA,United States,Present & Future,2026,2027,Road | Trail | Mixed Terrain,Fixture directory,Not guaranteed,,itsyourrace.com|www.itsyourrace.com,,,generic,0,1,2.0,Rights review required,US race search registration and results. Candidate international source from expanded catalogue; enabled=0 pending rights review and dedicated profile.
rrca,RRCA Find a Race,https://www.rrca.org/,directory,0,USA Fixtures,USA,United States,Present & Future,2026,2027,Road | Trail | Mixed Terrain,Fixture directory,Not guaranteed,,rrca.org|www.rrca.org,,,generic,0,1,2.0,Rights review required,Road Runners Club of America national race and club directory. Candidate international source from expanded catalogue; enabled=0 pending rights review and dedicated profile.
raceid,RaceID,https://raceid.com/,directory,0,Global Fixtures,Global,Multiple,Present & Future,2026,2027,Road | Trail | Ultra | Mixed Terrain,Fixture directory,Not guaranteed,,raceid.com|www.raceid.com,,,generic,0,1,2.0,Rights review required,International race registration platform with multi-country coverage. Candidate international source from expanded catalogue; enabled=0 pending rights review and dedicated profile.
paobaodao_tw,PaoBaoDao Taiwan,https://www.paobaodao.com/,directory,0,Asia Fixtures,Asia,Taiwan,Present & Future,2026,2027,Road | Trail | Mixed Terrain,Fixture directory,Not guaranteed,,paobaodao.com|www.paobaodao.com,,,generic,0,1,2.0,Rights review required,Taiwan road race and marathon calendar with registration info. Candidate international source from expanded catalogue; enabled=0 pending rights review and dedicated profile.
singapore_athletics_results,Singapore Athletics Results,https://results.singaporeathletics.org.sg/,results,0,Asia Results,Asia,Singapore,Past | Present | Future,2015,2027,Road | Track,Results directory,Not guaranteed,,results.singaporeathletics.org.sg|www.results.singaporeathletics.org.sg,,,generic,0,1,2.0,Rights review required,Official Singapore Athletics results archive. Candidate international source from expanded catalogue; enabled=0 pending rights review and dedicated profile.
singapore_athletics,Singapore Athletics,https://www.singaporeathletics.org.sg/,directory,0,Asia Fixtures,Asia,Singapore,Present & Future,2026,2027,Road | Track,Fixture directory,Not guaranteed,,singaporeathletics.org.sg|www.singaporeathletics.org.sg,,,generic,0,1,2.0,Rights review required,Official Singapore Athletics federation. Candidate international source from expanded catalogue; enabled=0 pending rights review and dedicated profile.
fecodatle_colombia,Fecodatle Colombia,https://www.fecodatle.com/resultados/,results,0,LatAm Results,Latin America,Colombia,Past | Present | Future,2015,2027,Road | Track | Trail,Results directory,Not guaranteed,,fecodatle.com|www.fecodatle.com,,,generic,0,1,2.0,Rights review required,Colombian athletics federation official results. Candidate international source from expanded catalogue; enabled=0 pending rights review and dedicated profile.
fedachi_chile,FEDACHI Chile,https://www.fedachi.cl/,directory,0,LatAm Fixtures,Latin America,Chile,Present & Future,2026,2027,Road | Track,Fixture directory,Not guaranteed,,fedachi.cl|www.fedachi.cl,,,generic,0,1,2.0,Rights review required,Chilean athletics federation calendar and results candidate. Candidate international source from expanded catalogue; enabled=0 pending rights review and dedicated profile.
cada_argentina,CADA Argentina,https://www.cada-atletismo.org.ar/,directory,0,LatAm Fixtures,Latin America,Argentina,Present & Future,2026,2027,Road | Track,Fixture directory,Not guaranteed,,cada-atletismo.org.ar|www.cada-atletismo.org.ar,,,generic,0,1,2.0,Rights review required,Argentine athletics confederation calendar candidate. Candidate international source from expanded catalogue; enabled=0 pending rights review and dedicated profile.
itra,ITRA Calendar,https://itra.run/,directory,0,Global Trails,Global,Multiple,Present & Future,2026,2027,Trail | Ultra,Fixture directory,Not guaranteed,,itra.run|www.itra.run,,,generic,0,1,2.0,Rights review required,International Trail Running Association race calendar and rankings. Candidate international source from expanded catalogue; enabled=0 pending rights review and dedicated profile.
webscorer,Webscorer,https://www.webscorer.com/,results,0,Global Results,Global,Multiple,Past | Present | Future,2015,2027,Road | Trail | Ultra | Mixed Terrain,Results directory,Not guaranteed,,webscorer.com|www.webscorer.com,,,generic,0,1,2.0,Rights review required,Global timing and live results platform used widely in North America and elsewhere. Candidate international source from expanded catalogue; enabled=0 pending rights review and dedicated profile.
opentrack,OpenTrack,https://opentrack.run/,results,0,Europe Results,Europe,United Kingdom | Multiple,Past | Present | Future,2015,2027,Track | Road | Cross Country,Results directory,Not guaranteed,,opentrack.run|www.opentrack.run,,,generic,0,1,2.0,Rights review required,Open athletics results platform popular in UK and Europe. Candidate international source from expanded catalogue; enabled=0 pending rights review and dedicated profile.
njuko,Njuko,https://njuko.com/,directory,0,Europe Fixtures,Europe,France | Multiple,Present & Future,2026,2027,Road | Trail | Ultra | Mixed Terrain,Fixture directory,Not guaranteed,,njuko.com|www.njuko.com,,,generic,0,1,2.0,Rights review required,French-origin registration platform used across Europe for endurance events. Candidate international source from expanded catalogue; enabled=0 pending rights review and dedicated profile.
raceup_fr,RaceUp France,https://www.raceup.fr/,directory,0,Europe Fixtures,Europe,France,Present & Future,2026,2027,Road | Trail | Mixed Terrain,Fixture directory,Not guaranteed,,raceup.fr|www.raceup.fr,,,generic,0,1,2.0,Rights review required,French race calendar and registration listings. Candidate international source from expanded catalogue; enabled=0 pending rights review and dedicated profile.
bookitlive_findarace_alt,BookingsPlus / BookitLive UK,https://www.bookingsplus.co.uk/,directory,0,UK Ireland Fixtures,UK,United Kingdom,Present & Future,2026,2027,Road | Trail | Mixed Terrain,Fixture directory,Not guaranteed,,bookingsplus.co.uk|www.bookingsplus.co.uk,,,generic,0,1,2.0,Rights review required,UK event booking platform used by many local races. Candidate international source from expanded catalogue; enabled=0 pending rights review and dedicated profile.
ukathletics,UK Athletics,https://www.uka.org.uk/,directory,0,UK Ireland Fixtures,UK,United Kingdom,Present & Future,2026,2027,Road | Track | Cross Country,Fixture directory,Not guaranteed,,uka.org.uk|www.uka.org.uk,,,generic,0,1,2.0,Rights review required,National governing body for UK athletics competitions. Candidate international source from expanded catalogue; enabled=0 pending rights review and dedicated profile.
athletics_sa,Athletics South Africa,https://www.athleticssa.org.za/,directory,0,Africa Fixtures,Africa,South Africa,Present & Future,2026,2027,Road | Track | Cross Country,Fixture directory,Not guaranteed,,athleticssa.org.za|www.athleticssa.org.za,,,generic,0,1,2.0,Rights review required,National South African athletics federation. Candidate international source from expanded catalogue; enabled=0 pending rights review and dedicated profile.
two_oceans,Two Oceans Marathon,https://www.twooceansmarathon.org.za/,directory,0,Africa Fixtures,Africa,South Africa,Past | Present | Future,2015,2027,Road | Ultra,Fixture directory,Not guaranteed,,twooceansmarathon.org.za|www.twooceansmarathon.org.za,,,generic,0,1,2.0,Rights review required,Manual canonical Ultra and Half fixture profile plus qualification guidance and official external result links added 2026-08-20; bulk participant import remains held pending rights review.
athletics_nsw,Athletics NSW,https://www.nswathletics.org.au/,directory,0,Oceania Fixtures,Oceania,Australia,Present & Future,2026,2027,Road | Track | Cross Country,Fixture directory,Not guaranteed,,nswathletics.org.au|www.nswathletics.org.au,,,generic,0,1,2.0,Rights review required,New South Wales athletics calendar and results. Candidate international source from expanded catalogue; enabled=0 pending rights review and dedicated profile.
qld_athletics,Queensland Athletics,https://qldathletics.org.au/,directory,0,Oceania Fixtures,Oceania,Australia,Present & Future,2026,2027,Road | Track | Cross Country,Fixture directory,Not guaranteed,,qldathletics.org.au|www.qldathletics.org.au,,,generic,0,1,2.0,Rights review required,Queensland athletics calendar and results. Candidate international source from expanded catalogue; enabled=0 pending rights review and dedicated profile.
athletics_wa,Athletics West,https://www.athleticswest.com.au/,directory,0,Oceania Fixtures,Oceania,Australia,Present & Future,2026,2027,Road | Track | Cross Country,Fixture directory,Not guaranteed,,athleticswest.com.au|www.athleticswest.com.au,,,generic,0,1,2.0,Rights review required,Western Australia athletics calendar. Candidate international source from expanded catalogue; enabled=0 pending rights review and dedicated profile.
riyadh_marathon,Riyadh Marathon,https://riyadhmarathon.org/,directory,0,Middle East Fixtures,Middle East,Saudi Arabia,Present & Future,2026,2027,Road,Fixture directory,Not guaranteed,,riyadhmarathon.org|www.riyadhmarathon.org,,,generic,0,1,2.0,Rights review required,Major Saudi Arabia road race flagship event. Candidate international source from expanded catalogue; enabled=0 pending rights review and dedicated profile.
adnoc_abu_dhabi,ADNOC Abu Dhabi Marathon,https://adnocabudhabimarathon.com/,directory,0,Middle East Fixtures,Middle East,United Arab Emirates,Present & Future,2026,2027,Road,Fixture directory,Not guaranteed,,adnocabudhabimarathon.com|www.adnocabudhabimarathon.com,,,generic,0,1,2.0,Rights review required,Major Abu Dhabi marathon event site. Candidate international source from expanded catalogue; enabled=0 pending rights review and dedicated profile.
atletiek_vlaanderen,Atletiek Vlaanderen,https://www.atletiek.be/,directory,0,Europe Fixtures,Europe,Belgium,Present & Future,2026,2027,Road | Track | Cross Country,Fixture directory,Not guaranteed,,atletiek.be|www.atletiek.be,,,generic,0,1,2.0,Rights review required,Flemish athletics federation calendar and results. Candidate international source from expanded catalogue; enabled=0 pending rights review and dedicated profile.
runningresults_be,Running Results Belgium,https://www.runningresults.be/,directory,0,Europe Results,Europe,Belgium,Past | Present | Future,2015,2027,Road | Trail | Mixed Terrain,Results directory,Not guaranteed,,runningresults.be|www.runningresults.be,,,generic,0,1,2.0,Rights review required,Belgian running results archive and event list. Candidate international source from expanded catalogue; enabled=0 pending rights review and dedicated profile.
lbfa_belgium,LBFA Belgium Francophone,https://www.lbfa.be/,directory,0,Europe Fixtures,Europe,Belgium,Present & Future,2026,2027,Road | Track | Cross Country,Fixture directory,Not guaranteed,,lbfa.be|www.lbfa.be,,,generic,0,1,2.0,Rights review required,French-speaking Belgian athletics federation. Candidate international source from expanded catalogue; enabled=0 pending rights review and dedicated profile.
chronorace_be,ChronoRace,https://www.chronorace.be/,directory,0,Europe Results,Europe,Belgium | Luxembourg,Past | Present | Future,2015,2027,Road | Trail | Mixed Terrain,Results directory,Not guaranteed,,chronorace.be|www.chronorace.be,,,generic,0,1,2.0,Rights review required,Major Benelux timing and results platform. Candidate international source from expanded catalogue; enabled=0 pending rights review and dedicated profile.
sport_be_running,Sport.be Running,https://www.sport.be/,directory,0,Europe Fixtures,Europe,Belgium,Present & Future,2026,2027,Road | Trail | Mixed Terrain,Fixture directory,Not guaranteed,,sport.be|www.sport.be,,,generic,0,1,2.0,Rights review required,Belgian sports portal with running events. Candidate international source from expanded catalogue; enabled=0 pending rights review and dedicated profile.
oelv_austria,OELV Austrian Athletics,https://www.oelv.at/,directory,0,Europe Fixtures,Europe,Austria,Present & Future,2026,2027,Road | Track | Cross Country,Fixture directory,Not guaranteed,,oelv.at|www.oelv.at,,,generic,0,1,2.0,Rights review required,Official Austrian athletics federation calendar. Candidate international source from expanded catalogue; enabled=0 pending rights review and dedicated profile.
maxfun_sports,MaxFun Sports Austria,https://www.maxfunsports.com/,directory,0,Europe Fixtures,Europe,Austria,Present & Future,2026,2027,Road | Trail | Mixed Terrain,Fixture directory,Not guaranteed,,maxfunsports.com|www.maxfunsports.com,,,generic,0,1,2.0,Rights review required,Austrian race services and event listings. Candidate international source from expanded catalogue; enabled=0 pending rights review and dedicated profile.
fidal,FIDAL Italy,https://www.fidal.it/,directory,0,Europe Fixtures,Europe,Italy,Present & Future,2026,2027,Road | Track | Cross Country | Trail,Fixture directory,Not guaranteed,,fidal.it|www.fidal.it,,,generic,0,1,2.0,Rights review required,Italian athletics federation official calendar and results. Candidate international source from expanded catalogue; enabled=0 pending rights review and dedicated profile.
endu_net,ENDU,https://www.endu.net/,directory,0,Europe Fixtures,Europe,Italy | Multiple,Present & Future,2026,2027,Road | Trail | Mixed Terrain,Fixture directory,Not guaranteed,,endu.net|www.endu.net,,,generic,0,1,2.0,Rights review required,Major Italian endurance registration and results platform. Candidate international source from expanded catalogue; enabled=0 pending rights review and dedicated profile.
iuta_italia,IUTA Italia,https://www.iutaitalia.it/,directory,0,Europe Fixtures,Europe,Italy,Present & Future,2026,2027,Ultra | Trail,Fixture directory,Not guaranteed,,iutaitalia.it|www.iutaitalia.it,,,generic,0,1,2.0,Rights review required,Italian ultramarathon and trail association calendar. Candidate international source from expanded catalogue; enabled=0 pending rights review and dedicated profile.
irunning_it,iRunning Italy,https://www.irunning.it/,directory,0,Europe Results,Europe,Italy,Past | Present | Future,2015,2027,Road | Trail | Mixed Terrain,Results directory,Not guaranteed,,irunning.it|www.irunning.it,,,generic,0,1,2.0,Rights review required,Italian runner results and race database. Candidate international source from expanded catalogue; enabled=0 pending rights review and dedicated profile.
dlv_germany,DLV German Athletics,https://www.leichtathletik.de/,directory,0,Europe Fixtures,Europe,Germany,Present & Future,2026,2027,Road | Track | Cross Country,Fixture directory,Not guaranteed,,leichtathletik.de|www.leichtathletik.de,,,generic,0,1,2.0,Rights review required,German athletics federation. Candidate international source from expanded catalogue; enabled=0 pending rights review and dedicated profile.
larasch,Larasch Germany,https://www.larasch.de/,directory,0,Europe Fixtures,Europe,Germany,Present & Future,2026,2027,Road | Trail | Mixed Terrain,Fixture directory,Not guaranteed,,larasch.de|www.larasch.de,,,generic,0,1,2.0,Rights review required,German race calendar directory. Candidate international source from expanded catalogue; enabled=0 pending rights review and dedicated profile.
runnersworld_de,Runner's World Germany Calendar,https://www.runnersworld.de/laufkalender/,directory,0,Europe Fixtures,Europe,Germany,Present & Future,2026,2027,Road | Trail | Mixed Terrain,Fixture directory,Not guaranteed,,runnersworld.de|www.runnersworld.de,,,generic,0,1,2.0,Rights review required,German Runner's World race calendar. Candidate international source from expanded catalogue; enabled=0 pending rights review and dedicated profile.
atletiekunie_nl,Atletiekunie Netherlands,https://www.atletiekunie.nl/,directory,0,Europe Fixtures,Europe,Netherlands,Present & Future,2026,2027,Road | Track | Cross Country,Fixture directory,Not guaranteed,,atletiekunie.nl|www.atletiekunie.nl,,,generic,0,1,2.0,Rights review required,Dutch athletics federation. Candidate international source from expanded catalogue; enabled=0 pending rights review and dedicated profile.
uitslagen_nl,Uitslagen.nl,https://www.uitslagen.nl/,directory,0,Europe Results,Europe,Netherlands,Past | Present | Future,2015,2027,Road | Trail | Mixed Terrain,Results directory,Not guaranteed,,uitslagen.nl|www.uitslagen.nl,,,generic,0,1,2.0,Rights review required,Dutch race results portal. Candidate international source from expanded catalogue; enabled=0 pending rights review and dedicated profile.
rfea_spain,RFEA Spain,https://www.rfea.es/,directory,0,Europe Fixtures,Europe,Spain,Present & Future,2026,2027,Road | Track | Cross Country,Fixture directory,Not guaranteed,,rfea.es|www.rfea.es,,,generic,0,1,2.0,Rights review required,Spanish athletics federation. Candidate international source from expanded catalogue; enabled=0 pending rights review and dedicated profile.
runedia,Runedia Spain,https://www.runedia.com/,directory,0,Europe Fixtures,Europe,Spain,Present & Future,2026,2027,Road | Trail | Mixed Terrain,Fixture directory,Not guaranteed,,runedia.com|www.runedia.com,,,generic,0,1,2.0,Rights review required,Spanish running news and calendar. Candidate international source from expanded catalogue; enabled=0 pending rights review and dedicated profile.
rockthesport,RockTheSport,https://www.rockthesport.com/,directory,0,Europe Fixtures,Europe,Spain,Present & Future,2026,2027,Road | Trail | Mixed Terrain,Fixture directory,Not guaranteed,,rockthesport.com|www.rockthesport.com,,,generic,0,1,2.0,Rights review required,Spanish event registration platform. Candidate international source from expanded catalogue; enabled=0 pending rights review and dedicated profile.
fpa_portugal,FPA Portugal Athletics,https://www.fpatletismo.pt/,directory,0,Europe Fixtures,Europe,Portugal,Present & Future,2026,2027,Road | Track,Fixture directory,Not guaranteed,,fpatletismo.pt|www.fpatletismo.pt,,,generic,0,1,2.0,Rights review required,Portuguese athletics federation. Candidate international source from expanded catalogue; enabled=0 pending rights review and dedicated profile.
masz_hungary,MASZ Hungarian Athletics,https://www.masz.hu/,directory,0,Europe Fixtures,Europe,Hungary,Present & Future,2026,2027,Road | Track,Fixture directory,Not guaranteed,,masz.hu|www.masz.hu,,,generic,0,1,2.0,Rights review required,Hungarian athletics federation. Candidate international source from expanded catalogue; enabled=0 pending rights review and dedicated profile.
bsi_hungary,BSI Hungary Events,https://www.futanet.hu/,directory,0,Europe Fixtures,Europe,Hungary,Present & Future,2026,2027,Road | Trail | Mixed Terrain,Fixture directory,Not guaranteed,,futanet.hu|www.futanet.hu,,,generic,0,1,2.0,Rights review required,Major Hungarian race organiser (Budapest Marathon series). Candidate international source from expanded catalogue; enabled=0 pending rights review and dedicated profile.
segas_greece,SEGAS Greece,https://www.segas.gr/,directory,0,Europe Fixtures,Europe,Greece,Present & Future,2026,2027,Road | Track,Fixture directory,Not guaranteed,,segas.gr|www.segas.gr,,,generic,0,1,2.0,Rights review required,Hellenic athletics federation. Candidate international source from expanded catalogue; enabled=0 pending rights review and dedicated profile.
has_croatia,HAS Croatian Athletics,https://www.has.hr/,directory,0,Europe Fixtures,Europe,Croatia,Present & Future,2026,2027,Road | Track,Fixture directory,Not guaranteed,,has.hr|www.has.hr,,,generic,0,1,2.0,Rights review required,Croatian athletics federation. Candidate international source from expanded catalogue; enabled=0 pending rights review and dedicated profile.
ass_serbia,ASS Serbian Athletics,https://www.ass.org.rs/,directory,0,Europe Fixtures,Europe,Serbia,Present & Future,2026,2027,Road | Track,Fixture directory,Not guaranteed,,ass.org.rs|www.ass.org.rs,,,generic,0,1,2.0,Rights review required,Serbian athletics federation. Candidate international source from expanded catalogue; enabled=0 pending rights review and dedicated profile.
saaf_slovakia,SAAF Slovakia,https://www.atletika.sk/,directory,0,Europe Fixtures,Europe,Slovakia,Present & Future,2026,2027,Road | Track,Fixture directory,Not guaranteed,,atletika.sk|www.atletika.sk,,,generic,0,1,2.0,Rights review required,Slovak athletics federation. Candidate international source from expanded catalogue; enabled=0 pending rights review and dedicated profile.
cas_czechia,CAS Czech Athletics,https://www.atletika.cz/,directory,0,Europe Fixtures,Europe,Czechia,Present & Future,2026,2027,Road | Track,Fixture directory,Not guaranteed,,atletika.cz|www.atletika.cz,,,generic,0,1,2.0,Rights review required,Czech athletics federation. Candidate international source from expanded catalogue; enabled=0 pending rights review and dedicated profile.
fra_romania,FRA Romania Athletics,https://www.fra.ro/,directory,0,Europe Fixtures,Europe,Romania,Present & Future,2026,2027,Road | Track,Fixture directory,Not guaranteed,,fra.ro|www.fra.ro,,,generic,0,1,2.0,Rights review required,Romanian athletics federation. Candidate international source from expanded catalogue; enabled=0 pending rights review and dedicated profile.
bfla_bulgaria,BFLA Bulgaria,https://www.bfla.org/,directory,0,Europe Fixtures,Europe,Bulgaria,Present & Future,2026,2027,Road | Track,Fixture directory,Not guaranteed,,bfla.org|www.bfla.org,,,generic,0,1,2.0,Rights review required,Bulgarian athletics federation. Candidate international source from expanded catalogue; enabled=0 pending rights review and dedicated profile.
nif_norway,Norges Friidrettsforbund,https://www.friidrett.no/,directory,0,Europe Fixtures,Europe,Norway,Present & Future,2026,2027,Road | Track | Cross Country,Fixture directory,Not guaranteed,,friidrett.no|www.friidrett.no,,,generic,0,1,2.0,Rights review required,Norwegian athletics federation. Candidate international source from expanded catalogue; enabled=0 pending rights review and dedicated profile.
sul_finland,SUL Finnish Athletics,https://www.yleisurheilu.fi/,directory,0,Europe Fixtures,Europe,Finland,Present & Future,2026,2027,Road | Track,Fixture directory,Not guaranteed,,yleisurheilu.fi|www.yleisurheilu.fi,,,generic,0,1,2.0,Rights review required,Finnish athletics federation. Candidate international source from expanded catalogue; enabled=0 pending rights review and dedicated profile.
fri_iceland,FRI Iceland Athletics,https://www.fri.is/,directory,0,Europe Fixtures,Europe,Iceland,Present & Future,2026,2027,Road | Track,Fixture directory,Not guaranteed,,fri.is|www.fri.is,,,generic,0,1,2.0,Rights review required,Icelandic athletics federation. Candidate international source from expanded catalogue; enabled=0 pending rights review and dedicated profile.
bases_athle,Bases Athle FFA Results,https://bases.athle.fr/,directory,0,Europe Results,Europe,France,Past | Present | Future,2015,2027,Road | Track | Cross Country,Results directory,Not guaranteed,,bases.athle.fr|www.bases.athle.fr,,,generic,0,1,2.0,Rights review required,Official French athletics results database. Candidate international source from expanded catalogue; enabled=0 pending rights review and dedicated profile.
keke_running,Kéké Running France,https://www.keke-running.com/,directory,0,Europe Fixtures,Europe,France,Present & Future,2026,2027,Road | Trail | Mixed Terrain,Fixture directory,Not guaranteed,,keke-running.com|www.keke-running.com,,,generic,0,1,2.0,Rights review required,French race calendar listings. Candidate international source from expanded catalogue; enabled=0 pending rights review and dedicated profile.
mylaps_global,MyLaps Timing,https://www.mylaps.com/,directory,0,Global Results,Global,Multiple,Past | Present | Future,2015,2027,Road | Trail | Mixed Terrain,Results directory,Not guaranteed,,mylaps.com|www.mylaps.com,,,generic,0,1,2.0,Rights review required,Global timing hardware/software with public event results. Candidate international source from expanded catalogue; enabled=0 pending rights review and dedicated profile.
raceresult_global,RACE RESULT,https://www.raceresult.com/,directory,0,Global Results,Global,Multiple,Past | Present | Future,2015,2027,Road | Trail | Mixed Terrain,Results directory,Not guaranteed,,raceresult.com|www.raceresult.com,,,generic,0,1,2.0,Rights review required,Global timing company; public event pages worldwide. Complements my.raceresult.com calendar. Candidate international source from expanded catalogue; enabled=0 pending rights review and dedicated profile.
enmotive,Enmotive,https://www.enmotive.com/,directory,0,USA Fixtures,USA,United States,Present & Future,2026,2027,Road | Trail | Mixed Terrain,Fixture directory,Not guaranteed,,enmotive.com|www.enmotive.com,,,generic,0,1,2.0,Rights review required,US race registration platform. Candidate international source from expanded catalogue; enabled=0 pending rights review and dedicated profile.
racewire,RaceWire,https://www.racewire.com/,directory,0,USA Fixtures,USA,United States,Present & Future,2026,2027,Road | Trail | Mixed Terrain,Fixture directory,Not guaranteed,,racewire.com|www.racewire.com,,,generic,0,1,2.0,Rights review required,US race registration and listings. Candidate international source from expanded catalogue; enabled=0 pending rights review and dedicated profile.
getmeraced,Get Me Raced,https://www.getmeraced.com/,directory,0,USA Fixtures,USA,United States,Present & Future,2026,2027,Road | Trail | Mixed Terrain,Fixture directory,Not guaranteed,,getmeraced.com|www.getmeraced.com,,,generic,0,1,2.0,Rights review required,US race discovery directory. Candidate international source from expanded catalogue; enabled=0 pending rights review and dedicated profile.
usatf,USATF,https://www.usatf.org/,directory,0,USA Fixtures,USA,United States,Present & Future,2026,2027,Road | Track | Cross Country,Fixture directory,Not guaranteed,,usatf.org|www.usatf.org,,,generic,0,1,2.0,Rights review required,USA Track & Field official calendar and sanctioned events. Candidate international source from expanded catalogue; enabled=0 pending rights review and dedicated profile.
coolrunning,Cool Running,https://www.coolrunning.com/,directory,0,USA Fixtures,USA,United States,Present & Future,2026,2027,Road | Trail | Mixed Terrain,Fixture directory,Not guaranteed,,coolrunning.com|www.coolrunning.com,,,generic,0,1,2.0,Rights review required,Long-standing US race calendar archive. Candidate international source from expanded catalogue; enabled=0 pending rights review and dedicated profile.
race360,Race360,https://www.race360.com/,directory,0,USA Fixtures,USA,United States,Present & Future,2026,2027,Road | Trail | Mixed Terrain,Fixture directory,Not guaranteed,,race360.com|www.race360.com,,,generic,0,1,2.0,Rights review required,US race finder platform. Candidate international source from expanded catalogue; enabled=0 pending rights review and dedicated profile.
runreg,RunReg,https://www.runreg.com/,directory,0,USA Fixtures,USA,United States,Present & Future,2026,2027,Road | Trail | Mixed Terrain,Fixture directory,Not guaranteed,,runreg.com|www.runreg.com,,,generic,0,1,2.0,Rights review required,US race registration listings. Candidate international source from expanded catalogue; enabled=0 pending rights review and dedicated profile.
athletics_ontario,Athletics Ontario,https://athleticsontario.ca/,directory,0,Canada Fixtures,North America,Canada,Present & Future,2026,2027,Road | Track,Fixture directory,Not guaranteed,,athleticsontario.ca|www.athleticsontario.ca,,,generic,0,1,2.0,Rights review required,Ontario provincial athletics calendar. Candidate international source from expanded catalogue; enabled=0 pending rights review and dedicated profile.
athletics_alberta,Athletics Alberta,https://www.athleticsalberta.com/,directory,0,Canada Fixtures,North America,Canada,Present & Future,2026,2027,Road | Track,Fixture directory,Not guaranteed,,athleticsalberta.com|www.athleticsalberta.com,,,generic,0,1,2.0,Rights review required,Alberta athletics calendar. Candidate international source from expanded catalogue; enabled=0 pending rights review and dedicated profile.
liebres_mx,LiebresMX Mexico Calendar,https://liebresmx.run/calendario/,directory,0,LatAm Fixtures,Latin America,Mexico,Present & Future,2026,2027,Road | Trail | Mixed Terrain,Fixture directory,Not guaranteed,,liebresmx.run|www.liebresmx.run,,,generic,0,1,2.0,Rights review required,Mexico national race calendar by region. Candidate international source from expanded catalogue; enabled=0 pending rights review and dedicated profile.
marcate_mx,Marcate Mexico Results,https://resultados.marcate.events/,directory,0,LatAm Results,Latin America,Mexico,Past | Present | Future,2015,2027,Road | Trail | Mixed Terrain,Results directory,Not guaranteed,,resultados.marcate.events|www.resultados.marcate.events,,,generic,0,1,2.0,Rights review required,Mexican race results platform. Candidate international source from expanded catalogue; enabled=0 pending rights review and dedicated profile.
khronometraje_mx,Khronometraje Mexico,https://www.khronometraje.com/,directory,0,LatAm Results,Latin America,Mexico,Past | Present | Future,2015,2027,Road | Trail | Mixed Terrain,Results directory,Not guaranteed,,khronometraje.com|www.khronometraje.com,,,generic,0,1,2.0,Rights review required,Mexican timing and results provider. Candidate international source from expanded catalogue; enabled=0 pending rights review and dedicated profile.
femexatle,FMAA Mexico Athletics,https://www.atletismomexicano.org.mx/,directory,0,LatAm Fixtures,Latin America,Mexico,Present & Future,2026,2027,Road | Track,Fixture directory,Not guaranteed,,atletismomexicano.org.mx|www.atletismomexicano.org.mx,,,generic,0,1,2.0,Rights review required,Mexican athletics federation candidate. Candidate international source from expanded catalogue; enabled=0 pending rights review and dedicated profile.
caa_china,Chinese Athletics Association,https://www.athletics.org.cn/,directory,0,Asia Fixtures,Asia,China,Present & Future,2026,2027,Road | Track,Fixture directory,Not guaranteed,,athletics.org.cn|www.athletics.org.cn,,,generic,0,1,2.0,Rights review required,Official Chinese athletics association. Formal road race calendar. Candidate international source from expanded catalogue; enabled=0 pending rights review and dedicated profile.
beijing_marathon,Beijing Marathon,https://www.beijing-marathon.com/,directory,0,Asia Fixtures,Asia,China,Present & Future,2026,2027,Road,Fixture directory,Not guaranteed,,beijing-marathon.com|www.beijing-marathon.com,,,generic,0,1,2.0,Rights review required,Flagship Chinese marathon event site. Candidate international source from expanded catalogue; enabled=0 pending rights review and dedicated profile.
xiamen_marathon,Xiamen Marathon,https://www.xmim.org/,directory,0,Asia Fixtures,Asia,China,Present & Future,2026,2027,Road,Fixture directory,Not guaranteed,,xmim.org|www.xmim.org,,,generic,0,1,2.0,Rights review required,Major Chinese Label marathon. Candidate international source from expanded catalogue; enabled=0 pending rights review and dedicated profile.
kaa_korea,KAA Korea Athletics,https://www.kaaf.or.kr/,directory,0,Asia Fixtures,Asia,South Korea,Present & Future,2026,2027,Road | Track,Fixture directory,Not guaranteed,,kaaf.or.kr|www.kaaf.or.kr,,,generic,0,1,2.0,Rights review required,Korea Association of Athletics Federations. Candidate international source from expanded catalogue; enabled=0 pending rights review and dedicated profile.
cttfa_taiwan,CTTFA Taiwan Athletics,https://www.cttfa.org.tw/,directory,0,Asia Fixtures,Asia,Taiwan,Present & Future,2026,2027,Road | Track,Fixture directory,Not guaranteed,,cttfa.org.tw|www.cttfa.org.tw,,,generic,0,1,2.0,Rights review required,Chinese Taipei Track and Field Association. Candidate international source from expanded catalogue; enabled=0 pending rights review and dedicated profile.
aaam_malaysia,Malaysia Athletics,https://www.athletics.org.my/,directory,0,Asia Fixtures,Asia,Malaysia,Present & Future,2026,2027,Road | Track,Fixture directory,Not guaranteed,,athletics.org.my|www.athletics.org.my,,,generic,0,1,2.0,Rights review required,Malaysia Athletics Federation. Candidate international source from expanded catalogue; enabled=0 pending rights review and dedicated profile.
aat_thailand,Athletics Association of Thailand,https://www.aat.or.th/,directory,0,Asia Fixtures,Asia,Thailand,Present & Future,2026,2027,Road | Track,Fixture directory,Not guaranteed,,aat.or.th|www.aat.or.th,,,generic,0,1,2.0,Rights review required,Thai athletics federation. Candidate international source from expanded catalogue; enabled=0 pending rights review and dedicated profile.
palarong_ph,PATAFA Philippines,https://www.patafa.org/,directory,0,Asia Fixtures,Asia,Philippines,Present & Future,2026,2027,Road | Track,Fixture directory,Not guaranteed,,patafa.org|www.patafa.org,,,generic,0,1,2.0,Rights review required,Philippine Athletics Track and Field Association. Candidate international source from expanded catalogue; enabled=0 pending rights review and dedicated profile.
aai_india,Athletics Federation of India,https://indianathletics.in/,directory,0,Asia Fixtures,Asia,India,Present & Future,2026,2027,Road | Track,Fixture directory,Not guaranteed,,indianathletics.in|www.indianathletics.in,,,generic,0,1,2.0,Rights review required,Athletics Federation of India. Candidate international source from expanded catalogue; enabled=0 pending rights review and dedicated profile.
singapore_marathon,Standard Chartered Singapore Marathon,https://www.singaporemarathon.com/,directory,0,Asia Fixtures,Asia,Singapore,Present & Future,2026,2027,Road,Fixture directory,Not guaranteed,,singaporemarathon.com|www.singaporemarathon.com,,,generic,0,1,2.0,Rights review required,Major Singapore road race. Candidate international source from expanded catalogue; enabled=0 pending rights review and dedicated profile.
athletics_victoria,Athletics Victoria,https://www.athsvic.org.au/,directory,0,Oceania Fixtures,Oceania,Australia,Present & Future,2026,2027,Road | Track,Fixture directory,Not guaranteed,,athsvic.org.au|www.athsvic.org.au,,,generic,0,1,2.0,Rights review required,Victoria state athletics. Candidate international source from expanded catalogue; enabled=0 pending rights review and dedicated profile.
athletics_sa_au,Athletics South Australia,https://www.athleticssa.com.au/,directory,0,Oceania Fixtures,Oceania,Australia,Present & Future,2026,2027,Road | Track,Fixture directory,Not guaranteed,,athleticssa.com.au|www.athleticssa.com.au,,,generic,0,1,2.0,Rights review required,South Australia athletics. Candidate international source from expanded catalogue; enabled=0 pending rights review and dedicated profile.
triathlon_australia,Triathlon Australia Events,https://www.triathlon.org.au/,directory,0,Oceania Fixtures,Oceania,Australia,Present & Future,2026,2027,Mixed Terrain,Fixture directory,Not guaranteed,,triathlon.org.au|www.triathlon.org.au,,,generic,0,1,2.0,Rights review required,Includes multi-sport; filter to running where listed. Candidate international source from expanded catalogue; enabled=0 pending rights review and dedicated profile.
athletics_ethiopia,Ethiopian Athletics Federation,https://www.ethiopian-athletics.org/,directory,0,Africa Fixtures,Africa,Ethiopia,Present & Future,2026,2027,Road | Track,Fixture directory,Not guaranteed,,ethiopian-athletics.org|www.ethiopian-athletics.org,,,generic,0,1,2.0,Rights review required,Ethiopian federation candidate. Candidate international source from expanded catalogue; enabled=0 pending rights review and dedicated profile.
morocco_frme,FRME Morocco Athletics,https://www.frme.ma/,directory,0,Africa Fixtures,Africa,Morocco,Present & Future,2026,2027,Road | Track,Fixture directory,Not guaranteed,,frme.ma|www.frme.ma,,,generic,0,1,2.0,Rights review required,Moroccan athletics federation. Candidate international source from expanded catalogue; enabled=0 pending rights review and dedicated profile.
egypt_eaf,Egyptian Athletics Federation,https://www.eaf-eg.com/,directory,0,Africa Fixtures,Africa,Egypt,Present & Future,2026,2027,Road | Track,Fixture directory,Not guaranteed,,eaf-eg.com|www.eaf-eg.com,,,generic,0,1,2.0,Rights review required,Egyptian athletics federation candidate. Candidate international source from expanded catalogue; enabled=0 pending rights review and dedicated profile.
uae_athletics,UAE Athletics Federation,https://www.uaeathletics.org/,directory,0,Middle East Fixtures,Middle East,United Arab Emirates,Present & Future,2026,2027,Road | Track,Fixture directory,Not guaranteed,,uaeathletics.org|www.uaeathletics.org,,,generic,0,1,2.0,Rights review required,UAE athletics federation. Candidate international source from expanded catalogue; enabled=0 pending rights review and dedicated profile.
saudi_athletics,Saudi Athletics Federation,https://www.saf.gov.sa/,directory,0,Middle East Fixtures,Middle East,Saudi Arabia,Present & Future,2026,2027,Road | Track,Fixture directory,Not guaranteed,,saf.gov.sa|www.saf.gov.sa,,,generic,0,1,2.0,Rights review required,Saudi athletics federation. Candidate international source from expanded catalogue; enabled=0 pending rights review and dedicated profile.
qatar_athletics,Qatar Athletics,https://www.qaf.qa/,directory,0,Middle East Fixtures,Middle East,Qatar,Present & Future,2026,2027,Road | Track,Fixture directory,Not guaranteed,,qaf.qa|www.qaf.qa,,,generic,0,1,2.0,Rights review required,Qatar athletics federation. Candidate international source from expanded catalogue; enabled=0 pending rights review and dedicated profile.
skyrunner_world_series,Skyrunner World Series,https://www.skyrunnerworldseries.com/,directory,0,Global Trails,Global,Multiple,Present & Future,2026,2027,Trail | Ultra,Fixture directory,Not guaranteed,,skyrunnerworldseries.com|www.skyrunnerworldseries.com,,,generic,0,1,2.0,Rights review required,Skyrunning world series calendar. Candidate international source from expanded catalogue; enabled=0 pending rights review and dedicated profile.
ultra_trail_world_tour,Ultra-Trail World Tour,https://www.ultratrail-worldtour.com/,directory,0,Global Ultras,Global,Multiple,Present & Future,2026,2027,Ultra | Trail,Fixture directory,Not guaranteed,,ultratrail-worldtour.com|www.ultratrail-worldtour.com,,,generic,0,1,2.0,Rights review required,UTWT global ultra calendar. Candidate international source from expanded catalogue; enabled=0 pending rights review and dedicated profile.
backyardultra,Backyard Ultra,https://backyardultra.com/,directory,0,Global Ultras,Global,Multiple,Present & Future,2026,2027,Ultra,Fixture directory,Not guaranteed,,backyardultra.com|www.backyardultra.com,,,generic,0,1,2.0,Rights review required,Official backyard ultra race listings. Candidate international source from expanded catalogue; enabled=0 pending rights review and dedicated profile.
ironman_events,Ironman Events,https://www.ironman.com/im-calendar,directory,0,Global Fixtures,Global,Multiple,Present & Future,2026,2027,Mixed Terrain,Fixture directory,Not guaranteed,,ironman.com|www.ironman.com,,,generic,0,1,2.0,Rights review required,Triathlon-focused; includes run legs / filter carefully. Candidate international source from expanded catalogue; enabled=0 pending rights review and dedicated profile.
strava_events,Strava Events,https://www.strava.com/events,directory,0,Global Fixtures,Global,Multiple,Present & Future,2026,2027,Road | Trail | Mixed Terrain,Fixture directory,Not guaranteed,,strava.com|www.strava.com,,,generic,0,1,2.0,Rights review required,Strava community events calendar; noisy long tail. Candidate international source from expanded catalogue; enabled=0 pending rights review and dedicated profile.
parkrun_global,parkrun Global,https://www.parkrun.com/,directory,0,Global Fixtures,Global,Multiple,Present & Future,2026,2027,Road,Fixture directory,Not guaranteed,,parkrun.com|www.parkrun.com,,,generic,0,1,2.0,Rights review required,Weekly 5K series worldwide. Special product treatment may be needed. Candidate international source from expanded catalogue; enabled=0 pending rights review and dedicated profile.
letsdothis,Let's Do This,https://www.letsdothis.com/,directory,0,Global Fixtures,Global,United Kingdom | United States | Multiple,Present & Future,2026,2027,Road | Trail | Mixed Terrain,Fixture directory,Not guaranteed,,letsdothis.com|www.letsdothis.com,,,generic,0,1,2.0,Rights review required,Major international race discovery and entry marketplace. Candidate international source from expanded catalogue; enabled=0 pending rights review and dedicated profile.
eventbrite_running,Eventbrite Running,https://www.eventbrite.com/d/online/running/,directory,0,Global Fixtures,Global,Multiple,Present & Future,2026,2027,Road | Trail | Mixed Terrain,Fixture directory,Not guaranteed,,eventbrite.com|www.eventbrite.com,,,generic,0,1,2.0,Rights review required,Broad marketplace; many small running events; noisy. Candidate international source from expanded catalogue; enabled=0 pending rights review and dedicated profile.
ticketmaster_sport,Ticketmaster Sport Events,https://www.ticketmaster.com/,directory,0,Global Fixtures,Global,Multiple,Present & Future,2026,2027,Road | Trail | Mixed Terrain,Fixture directory,Not guaranteed,,ticketmaster.com|www.ticketmaster.com,,,generic,0,1,2.0,Rights review required,Some major race ticket sales; low density for mass participation. Candidate international source from expanded catalogue; enabled=0 pending rights review and dedicated profile.
jamaica_athletics,JAAA Jamaica,https://www.trackandfieldja.com/,directory,0,LatAm Fixtures,Latin America,Jamaica,Present & Future,2026,2027,Track | Road,Fixture directory,Not guaranteed,,trackandfieldja.com|www.trackandfieldja.com,,,generic,0,1,2.0,Rights review required,Jamaica athletics association candidate. Candidate international source from expanded catalogue; enabled=0 pending rights review and dedicated profile.
costa_rica_atletismo,FECOA Costa Rica,https://www.fecoa.cr/,directory,0,LatAm Fixtures,Latin America,Costa Rica,Present & Future,2026,2027,Road | Track,Fixture directory,Not guaranteed,,fecoa.cr|www.fecoa.cr,,,generic,0,1,2.0,Rights review required,Costa Rican athletics federation candidate. Candidate international source from expanded catalogue; enabled=0 pending rights review and dedicated profile.
datasport_ch,Datasport Switzerland,https://www.datasport.com/,directory,0,Europe Results,Europe,Switzerland | Multiple,Past | Present | Future,2015,2027,Road | Trail | Mixed Terrain,Results directory,Not guaranteed,,datasport.com|www.datasport.com,,,generic,0,1,2.0,Rights review required,Major Swiss/European results and registration platform. Candidate international source from expanded catalogue; enabled=0 pending rights review and dedicated profile.
mikatiming,mikatiming,https://www.mikatiming.de/,directory,0,Europe Results,Europe,Germany | Multiple,Past | Present | Future,2015,2027,Road | Trail | Mixed Terrain,Results directory,Not guaranteed,,mikatiming.de|www.mikatiming.de,,,generic,0,1,2.0,Rights review required,Major European timing results portal used by many large city races. Candidate international source from expanded catalogue; enabled=0 pending rights review and dedicated profile.
sporthive,SportHive / Sportuity,https://www.sporthive.com/,directory,0,Europe Results,Europe,Netherlands | Multiple,Past | Present | Future,2015,2027,Road | Trail | Mixed Terrain,Results directory,Not guaranteed,,sporthive.com|www.sporthive.com,,,generic,0,1,2.0,Rights review required,Dutch/European results and timing platform. Candidate international source from expanded catalogue; enabled=0 pending rights review and dedicated profile.
toptempo,TopTempo Norway,https://www.toptempo.no/,directory,0,Europe Results,Europe,Norway,Past | Present | Future,2015,2027,Road | Trail | Mixed Terrain,Results directory,Not guaranteed,,toptempo.no|www.toptempo.no,,,generic,0,1,2.0,Rights review required,Norwegian timing and results. Candidate international source from expanded catalogue; enabled=0 pending rights review and dedicated profile.
eqtiming,EQ Timing Nordics,https://www.eqtiming.no/,directory,0,Europe Results,Europe,Norway | Multiple,Past | Present | Future,2015,2027,Road | Trail | Mixed Terrain,Results directory,Not guaranteed,,eqtiming.no|www.eqtiming.no,,,generic,0,1,2.0,Rights review required,Nordic timing provider. Candidate international source from expanded catalogue; enabled=0 pending rights review and dedicated profile.
atlanta_track_club,Atlanta Track Club,https://www.atlantatrackclub.org/register-now,directory,1,USA Fixtures,USA,United States,Present & Future,2026,2027,Road | Cross Country | Track,Official organiser event calendar,Provider-confirmed,,atlantatrackclub.org|www.atlantatrackclub.org,^https://www\.atlantatrackclub\.org/(?:20\d{2}-)?[a-z0-9-]+$,,generic,0,1,2.0,No published crawl restriction found,Official organiser calendar and event pages; fixture-level public metadata only; participant-level results excluded; entry links must be organiser-linked official registration routes.
